EmpID,Employee_Name,EmpStatusID,DeptID,PerfScoreID,Salary,Termd,PositionID,Position,State,DOB,Sex,CitizenDesc,RaceDesc,ManagerName,ManagerID,RecruitmentSource,PerformanceScore,EngagementSurvey,EmpSatisfaction,LastPerformanceReview_Date,Absences,Department,EmploymentStatus,TermReason,DateofHire_raw,DateofTermination_raw,hire_date,term_date,join_month,leave_month
10026,"Adinolfi, Wilson  K",1,5,4,62506,0,19,Production Technician I,MA,07/10/1983,M,US Citizen,White,Michael Albert,22,LinkedIn,Exceeds,4.6,5,1/17/2019,1,Production,Active,N/A-StillEmployed,07/05/2011,,2011-07-05,,Jul-2011,
10084,"Ait Sidi, Karthikeyan",5,3,3,104437,1,27,Sr. DBA,MA,05/05/1975,M,US Citizen,White,Simon Roup,4,Indeed,Fully Meets,4.96,3,2/24/2016,17,IT/IS,Voluntarily Terminated,career change,3/30/2015,6/16/2016,2015-03-30,2016-06-16,Mar-2015,Jun-2016
10196,"Akinkuolie, Sarah",5,5,3,64955,1,20,Production Technician II,MA,09/19/88,F,US Citizen,White,Kissy Sullivan,20,LinkedIn,Fully Meets,3.02,3,5/15/2012,3,Production,Voluntarily Terminated,hours,07/05/2011,9/24/2012,2011-07-05,2012-09-24,Jul-2011,Sep-2012
10088,"Alagbe,Trina",1,5,3,64991,0,19,Production Technician I,MA,09/27/88,F,US Citizen,White,Elijiah Gray,16,Indeed,Fully Meets,4.84,5,01/03/2019,15,Production,Active,N/A-StillEmployed,01/07/2008,,2008-01-07,,Jan-2008,
10069,"Anderson, Carol",5,5,3,50825,1,19,Production Technician I,MA,09/08/1989,F,US Citizen,White,Webster Butler,39,Google Search,Fully Meets,5.0,4,02/01/2016,2,Production,Voluntarily Terminated,return to school,07/11/2011,09/06/2016,2011-07-11,2016-09-06,Jul-2011,Sep-2016
10002,"Anderson, Linda",1,5,4,57568,0,19,Production Technician I,MA,05/22/77,F,US Citizen,White,Amy Dunn,11,LinkedIn,Exceeds,5.0,5,01/07/2019,15,Production,Active,N/A-StillEmployed,01/09/2012,,2012-01-09,,Jan-2012,
10194,"Andreola, Colby",1,4,3,95660,0,24,Software Engineer,MA,05/24/79,F,US Citizen,White,Alex Sweetwater,10,LinkedIn,Fully Meets,3.04,3,01/02/2019,19,Software Engineering,Active,N/A-StillEmployed,11/10/2014,,2014-11-10,,Nov-2014,
10062,"Athwal, Sam",1,5,3,59365,0,19,Production Technician I,MA,02/18/83,M,US Citizen,White,Ketsia Liebig,19,Employee Referral,Fully Meets,5.0,4,2/25/2019,19,Production,Active,N/A-StillEmployed,9/30/2013,,2013-09-30,,Sep-2013,
10114,"Bachiochi, Linda",3,5,3,47837,0,19,Production Technician I,MA,02/11/1970,F,US Citizen,Black or African American,Brannon Miller,12,Diversity Job Fair,Fully Meets,4.46,3,1/25/2019,4,Production,Active,N/A-StillEmployed,07/06/2009,,2009-07-06,,Jul-2009,
10250,"Bacong, Alejandro",1,3,3,50178,0,14,IT Support,MA,01/07/1988,M,US Citizen,White,Peter Monroe,7,Indeed,Fully Meets,5.0,5,2/18/2019,16,IT/IS,Active,N/A-StillEmployed,01/05/2015,,2015-01-05,,Jan-2015,
10252,"Baczenski, Rachael",5,5,3,54670,1,19,Production Technician I,MA,01/12/1974,F,US Citizen,Black or African American,David Stanley,14,Diversity Job Fair,Fully Meets,4.2,4,1/30/2016,12,Production,Voluntarily Terminated,Another position,01/10/2011,01/12/2017,2011-01-10,2017-01-12,Jan-2011,Jan-2017
10242,"Barbara, Thomas",5,5,3,47211,1,19,Production Technician I,MA,02/21/74,M,US Citizen,Black or African American,Kissy Sullivan,20,Diversity Job Fair,Fully Meets,4.2,3,05/06/2016,15,Production,Voluntarily Terminated,unhappy,04/02/2012,9/19/2016,2012-04-02,2016-09-19,Apr-2012,Sep-2016
10012,"Barbossa, Hector",1,3,4,92328,0,9,Data Analyst,TX,07/04/1988,M,US Citizen,Black or African American,Simon Roup,4,Diversity Job Fair,Exceeds,4.28,4,2/25/2019,9,IT/IS,Active,N/A-StillEmployed,11/10/2014,,2014-11-10,,Nov-2014,
10265,"Barone, Francesco  A",1,5,3,58709,0,19,Production Technician I,MA,07/20/83,M,US Citizen,Two or more races,Kelley Spirea,18,Google Search,Fully Meets,4.6,4,2/14/2019,7,Production,Active,N/A-StillEmployed,2/20/2012,,2012-02-20,,Feb-2012,
10066,"Barton, Nader",5,5,3,52505,1,19,Production Technician I,MA,07/15/77,M,US Citizen,White,Michael Albert,22,On-line Web application,Fully Meets,5.0,5,03/02/2017,1,Production,Voluntarily Terminated,Another position,9/24/2012,04/06/2017,2012-09-24,2017-04-06,Sep-2012,Apr-2017
10061,"Bates, Norman",4,5,3,57834,1,19,Production Technician I,MA,10/18/81,M,US Citizen,White,Kelley Spirea,18,Google Search,Fully Meets,5.0,4,04/05/2017,20,Production,Terminated for Cause,attendance,2/21/2011,08/04/2017,2011-02-21,2017-08-04,Feb-2011,Aug-2017
10023,"Beak, Kimberly",2,5,4,70131,0,20,Production Technician II,MA,04/17/66,F,US Citizen,White,Kelley Spirea,18,Employee Referral,Exceeds,4.4,3,1/14/2019,16,Production,Active,N/A-StillEmployed,7/21/2016,,2016-07-21,,Jul-2016,
10055,"Beatrice, Courtney",1,5,3,59026,0,19,Production Technician I,MA,10/27/70,F,Eligible NonCitizen,White,Elijiah Gray,16,Google Search,Fully Meets,5.0,5,1/14/2019,12,Production,Active,N/A-StillEmployed,04/04/2011,,2011-04-04,,Apr-2011,
10245,"Becker, Renee",4,3,3,110000,1,8,Database Administrator,MA,04/04/1986,F,US Citizen,White,Simon Roup,4,Google Search,Fully Meets,4.5,4,1/15/2015,8,IT/IS,Terminated for Cause,performance,07/07/2014,09/12/2015,2014-07-07,2015-09-12,Jul-2014,Sep-2015
10277,"Becker, Scott",3,5,3,53250,0,19,Production Technician I,MA,04/06/1979,M,US Citizen,Asian,Webster Butler,,LinkedIn,Fully Meets,4.2,4,01/11/2019,13,Production,Active,N/A-StillEmployed,07/08/2013,,2013-07-08,,Jul-2013,
10046,"Bernstein, Sean",1,5,3,51044,0,19,Production Technician I,MA,12/22/70,M,US Citizen,White,Amy Dunn,11,Google Search,Fully Meets,5.0,3,1/14/2019,13,Production,Active,N/A-StillEmployed,04/02/2012,,2012-04-02,,Apr-2012,
10226,"Biden, Lowan  M",1,5,3,64919,0,19,Production Technician I,MA,12/27/58,F,US Citizen,Asian,Ketsia Liebig,19,Indeed,Fully Meets,4.2,3,01/10/2019,2,Production,Active,N/A-StillEmployed,8/19/2013,,2013-08-19,,Aug-2013,
10003,"Billis, Helen",1,5,4,62910,0,19,Production Technician I,MA,09/01/1989,F,US Citizen,White,Brannon Miller,12,Indeed,Exceeds,5.0,3,2/27/2019,19,Production,Active,N/A-StillEmployed,07/07/2014,,2014-07-07,,Jul-2014,
10294,"Blount, Dianna",1,5,2,66441,0,20,Production Technician II,MA,09/21/90,F,US Citizen,White,Michael Albert,22,CareerBuilder,Needs Improvement,2.0,3,2/27/2019,3,Production,Active,N/A-StillEmployed,04/04/2011,,2011-04-04,,Apr-2011,
10267,"Bondwell, Betsy",5,5,3,57815,1,20,Production Technician II,MA,01/16/67,F,US Citizen,White,Elijiah Gray,16,Google Search,Fully Meets,4.8,5,03/04/2014,5,Production,Voluntarily Terminated,career change,01/10/2011,04/04/2014,2011-01-10,2014-04-04,Jan-2011,Apr-2014
10199,"Booth, Frank",4,3,3,103613,1,30,Enterprise Architect,CT,07/30/64,M,US Citizen,Black or African American,Simon Roup,4,LinkedIn,Fully Meets,3.5,5,01/10/2016,2,IT/IS,Terminated for Cause,Learned that he is a gangster,2/17/2014,2/19/2016,2014-02-17,2016-02-19,Feb-2014,Feb-2016
10081,"Boutwell, Bonalyn",1,1,3,106367,0,26,Sr. Accountant,MA,04/04/1987,F,US Citizen,Black or African American,Brandon R. LeBlanc,3,Diversity Job Fair,Fully Meets,5.0,4,2/18/2019,4,Admin Offices,Active,N/A-StillEmployed,2/16/2015,,2015-02-16,,Feb-2015,
10175,"Bozzi, Charles",5,5,3,74312,1,18,Production Manager,MA,03/10/1970,M,US Citizen,Asian,Janet King,2,Indeed,Fully Meets,3.39,3,2/20/2014,14,Production,Voluntarily Terminated,retiring,9/30/2013,08/07/2014,2013-09-30,2014-08-07,Sep-2013,Aug-2014
10177,"Brill, Donna",5,5,3,53492,1,19,Production Technician I,MA,08/24/90,F,US Citizen,White,David Stanley,14,Google Search,Fully Meets,3.35,4,03/04/2013,6,Production,Voluntarily Terminated,Another position,04/02/2012,6/15/2013,2012-04-02,2013-06-15,Apr-2012,Jun-2013
10238,"Brown, Mia",1,1,3,63000,0,1,Accountant I,MA,11/24/87,F,US Citizen,Black or African American,Brandon R. LeBlanc,1,Diversity Job Fair,Fully Meets,4.5,2,1/15/2019,14,Admin Offices,Active,N/A-StillEmployed,10/27/2008,,2008-10-27,,Oct-2008,
10184,"Buccheri, Joseph",1,5,3,65288,0,20,Production Technician II,MA,07/28/83,M,US Citizen,White,Webster Butler,,Google Search,Fully Meets,3.19,3,02/01/2019,9,Production,Active,N/A-StillEmployed,9/29/2014,,2014-09-29,,Sep-2014,
10203,"Bugali, Josephine",3,5,3,64375,0,19,Production Technician I,MA,10/30/69,F,US Citizen,Black or African American,Kissy Sullivan,20,Diversity Job Fair,Fully Meets,3.5,5,1/21/2019,17,Production,Active,N/A-StillEmployed,11/11/2013,,2013-11-11,,Nov-2013,
10188,"Bunbury, Jessica",5,6,3,74326,1,3,Area Sales Manager,VA,06/01/1964,F,Eligible NonCitizen,Black or African American,John Smith,17,Google Search,Fully Meets,3.14,5,02/10/2013,19,Sales,Voluntarily Terminated,Another position,8/15/2011,08/02/2014,2011-08-15,2014-08-02,Aug-2011,Aug-2014
10107,"Burke, Joelle",1,5,3,63763,0,20,Production Technician II,MA,03/02/1980,F,US Citizen,Black or African American,Amy Dunn,11,Employee Referral,Fully Meets,4.51,4,2/21/2019,3,Production,Active,N/A-StillEmployed,03/05/2012,,2012-03-05,,Mar-2012,
10181,"Burkett, Benjamin",1,5,3,62162,0,20,Production Technician II,MA,08/19/77,M,US Citizen,White,Ketsia Liebig,19,Indeed,Fully Meets,3.25,5,1/14/2019,15,Production,Active,N/A-StillEmployed,04/04/2011,,2011-04-04,,Apr-2011,
10150,"Cady, Max",1,4,3,77692,0,25,Software Engineering Manager,MA,11/22/66,M,US Citizen,White,Jennifer Zamora,5,Google Search,Fully Meets,3.84,3,1/21/2019,4,Software Engineering,Active,N/A-StillEmployed,8/15/2011,,2011-08-15,,Aug-2011,
10001,"Candie, Calvin",1,5,4,72640,0,18,Production Manager,MA,08/09/1983,M,US Citizen,White,Janet King,2,Indeed,Exceeds,5.0,3,2/22/2019,14,Production,Active,N/A-StillEmployed,1/28/2016,,2016-01-28,,Jan-2016,
10085,"Carabbio, Judith",1,4,3,93396,0,24,Software Engineer,MA,04/05/1987,F,US Citizen,White,Alex Sweetwater,10,Indeed,Fully Meets,4.96,4,1/30/2019,3,Software Engineering,Active,N/A-StillEmployed,11/11/2013,,2013-11-11,,Nov-2013,
10115,"Carey, Michael",1,5,3,52846,0,19,Production Technician I,MA,02/02/1983,M,US Citizen,Black or African American,Kelley Spirea,18,LinkedIn,Fully Meets,4.43,3,02/01/2019,14,Production,Active,N/A-StillEmployed,3/31/2014,,2014-03-31,,Mar-2014,
10082,"Carr, Claudia  N",2,3,3,100031,0,27,Sr. DBA,MA,06/06/1986,F,US Citizen,Black or African American,Simon Roup,4,LinkedIn,Fully Meets,5.0,5,2/18/2019,7,IT/IS,Active,N/A-StillEmployed,6/30/2016,,2016-06-30,,Jun-2016,
10040,"Carter, Michelle",1,6,3,71860,0,3,Area Sales Manager,VT,05/15/63,F,US Citizen,White,John Smith,17,Indeed,Fully Meets,5.0,5,1/21/2019,7,Sales,Active,N/A-StillEmployed,8/18/2014,,2014-08-18,,Aug-2014,
10067,"Chace, Beatrice",1,5,3,61656,0,19,Production Technician I,MA,01/02/1951,F,US Citizen,White,Michael Albert,22,Google Search,Fully Meets,5.0,4,02/12/2019,11,Production,Active,N/A-StillEmployed,9/29/2014,,2014-09-29,,Sep-2014,
10108,"Champaigne, Brian",1,3,3,110929,0,5,BI Director,MA,02/09/1972,M,US Citizen,White,Jennifer Zamora,5,Indeed,Fully Meets,4.5,5,1/15/2019,8,IT/IS,Active,N/A-StillEmployed,09/06/2016,,2016-09-06,,Sep-2016,
10210,"Chan, Lin",1,5,3,54237,0,19,Production Technician I,MA,02/12/1979,F,US Citizen,White,Elijiah Gray,16,Indeed,Fully Meets,3.3,4,2/19/2019,11,Production,Active,N/A-StillEmployed,05/12/2014,,2014-05-12,,May-2014,
10154,"Chang, Donovan  E",1,5,3,60380,0,19,Production Technician I,MA,08/24/83,M,US Citizen,White,Webster Butler,,LinkedIn,Fully Meets,3.8,5,1/14/2019,4,Production,Active,N/A-StillEmployed,07/08/2013,,2013-07-08,,Jul-2013,
10200,"Chigurh, Anton",1,6,3,66808,0,3,Area Sales Manager,TX,06/11/1970,M,Eligible NonCitizen,Black or African American,Lynn Daneault,21,Employee Referral,Fully Meets,3.0,5,1/19/2019,17,Sales,Active,N/A-StillEmployed,5/14/2012,,2012-05-14,,May-2012,
10240,"Chivukula, Enola",5,5,3,64786,1,19,Production Technician I,MA,08/27/83,F,US Citizen,White,Amy Dunn,11,Indeed,Fully Meets,4.3,4,03/10/2015,3,Production,Voluntarily Terminated,relocation out of area,6/27/2011,11/15/2015,2011-06-27,2015-11-15,Jun-2011,Nov-2015
10168,"Cierpiszewski, Caroline",1,5,3,64816,0,19,Production Technician I,MA,05/31/88,F,Non-Citizen,Black or African American,Ketsia Liebig,19,Indeed,Fully Meets,3.58,5,1/30/2019,3,Production,Active,N/A-StillEmployed,10/03/2011,,2011-10-03,,Oct-2011,
10220,"Clayton, Rick",1,3,3,68678,0,14,IT Support,MA,09/05/1985,M,US Citizen,White,Eric Dougall,6,Indeed,Fully Meets,4.7,3,2/27/2019,2,IT/IS,Active,N/A-StillEmployed,09/05/2012,,2012-09-05,,Sep-2012,
10275,"Cloninger, Jennifer",5,5,3,64066,1,20,Production Technician II,MA,08/31/81,F,US Citizen,White,Brannon Miller,12,Google Search,Fully Meets,4.2,5,05/03/2012,9,Production,Voluntarily Terminated,unhappy,5/16/2011,01/07/2013,2011-05-16,2013-01-07,May-2011,Jan-2013
10269,"Close, Phil",5,5,3,59369,1,20,Production Technician II,MA,11/25/78,M,US Citizen,White,David Stanley,14,Indeed,Fully Meets,4.2,4,05/04/2011,6,Production,Voluntarily Terminated,career change,8/30/2010,9/26/2011,2010-08-30,2011-09-26,Aug-2010,Sep-2011
10029,"Clukey, Elijian",2,5,4,50373,0,19,Production Technician I,MA,08/26/80,M,US Citizen,White,Brannon Miller,12,Employee Referral,Exceeds,4.1,4,2/28/2019,5,Production,Active,N/A-StillEmployed,07/06/2016,,2016-07-06,,Jul-2016,
10261,"Cockel, James",1,5,3,63108,0,19,Production Technician I,MA,09/08/1977,M,US Citizen,White,David Stanley,14,Employee Referral,Fully Meets,4.4,5,1/14/2019,3,Production,Active,N/A-StillEmployed,07/08/2013,,2013-07-08,,Jul-2013,
10292,"Cole, Spencer",4,5,2,59144,1,19,Production Technician I,MA,08/12/1979,M,US Citizen,Black or African American,Kissy Sullivan,20,LinkedIn,Needs Improvement,2.0,3,05/01/2016,16,Production,Terminated for Cause,performance,07/11/2011,9/23/2016,2011-07-11,2016-09-23,Jul-2011,Sep-2016
10282,"Corleone, Michael",1,5,2,68051,0,18,Production Manager,MA,12/17/75,M,US Citizen,White,Janet King,2,CareerBuilder,Needs Improvement,4.13,2,1/14/2019,3,Production,Active,N/A-StillEmployed,7/20/2010,,2010-07-20,,Jul-2010,
10019,"Corleone, Vito",1,5,4,170500,0,10,Director of Operations,MA,03/19/83,M,US Citizen,Black or African American,Janet King,2,Indeed,Exceeds,3.7,5,02/04/2019,15,Production,Active,N/A-StillEmployed,01/05/2009,,2009-01-05,,Jan-2009,
10094,"Cornett, Lisa",1,5,3,63381,0,19,Production Technician I,MA,03/31/77,F,US Citizen,White,Kelley Spirea,18,Indeed,Fully Meets,4.73,5,2/14/2019,6,Production,Active,N/A-StillEmployed,01/05/2015,,2015-01-05,,Jan-2015,
10193,"Costello, Frank",1,3,3,83552,0,9,Data Analyst,MA,08/26/86,M,US Citizen,White,Simon Roup,4,Indeed,Fully Meets,3.04,3,1/22/2019,2,IT/IS,Active,N/A-StillEmployed,3/30/2015,,2015-03-30,,Mar-2015,
10132,"Crimmings,   Jean",2,5,3,56149,0,19,Production Technician I,MA,04/10/1987,F,US Citizen,White,Michael Albert,22,LinkedIn,Fully Meets,4.12,5,1/28/2019,15,Production,Active,N/A-StillEmployed,07/06/2016,,2016-07-06,,Jul-2016,
10083,"Cross, Noah",1,3,3,92329,0,28,Sr. Network Engineer,CT,09/09/1965,M,US Citizen,White,Peter Monroe,7,Employee Referral,Fully Meets,5.0,3,01/02/2019,5,IT/IS,Active,N/A-StillEmployed,11/10/2014,,2014-11-10,,Nov-2014,
10099,"Daneault, Lynn",1,6,3,65729,0,21,Sales Manager,VT,04/19/90,F,US Citizen,White,Debra Houlihan,15,Indeed,Fully Meets,4.62,4,1/24/2019,8,Sales,Active,N/A-StillEmployed,05/05/2014,,2014-05-05,,May-2014,
10212,"Daniele, Ann",3,3,3,85028,0,28,Sr. Network Engineer,CT,01/18/52,F,US Citizen,White,Peter Monroe,7,LinkedIn,Fully Meets,3.1,5,02/12/2019,19,IT/IS,Active,N/A-StillEmployed,11/10/2014,,2014-11-10,,Nov-2014,
10056,"Darson, Jene'ya",1,5,3,57583,0,19,Production Technician I,MA,11/05/1978,F,US Citizen,White,Elijiah Gray,16,Indeed,Fully Meets,5.0,3,2/25/2019,1,Production,Active,N/A-StillEmployed,07/02/2012,,2012-07-02,,Jul-2012,
10143,"Davis, Daniel",1,5,3,56294,0,20,Production Technician II,MA,09/14/79,M,Eligible NonCitizen,Two or more races,Kissy Sullivan,20,LinkedIn,Fully Meets,3.96,4,2/27/2019,6,Production,Active,N/A-StillEmployed,11/07/2011,,2011-11-07,,Nov-2011,
10311,"Dee, Randy",1,6,1,56991,0,19,Production Technician I,MA,04/15/88,M,US Citizen,White,Brannon Miller,12,Indeed,Fully Meets,4.3,4,1/31/2019,2,Production,Active,N/A-StillEmployed,07/09/2018,,2018-07-09,,Jul-2018,
10070,"DeGweck,  James",5,5,3,55722,1,19,Production Technician I,MA,10/31/77,M,US Citizen,White,Webster Butler,39,Indeed,Fully Meets,5.0,4,04/02/2016,14,Production,Voluntarily Terminated,unhappy,5/16/2011,06/08/2016,2011-05-16,2016-06-08,May-2011,Jun-2016
10155,"Del Bosque, Keyla",1,4,3,101199,0,24,Software Engineer,MA,07/05/1979,F,US Citizen,Black or African American,Alex Sweetwater,10,CareerBuilder,Fully Meets,3.79,5,1/25/2019,8,Software Engineering,Active,N/A-StillEmployed,01/09/2012,,2012-01-09,,Jan-2012,
10306,"Delarge, Alex",1,6,1,61568,0,3,Area Sales Manager,AL,11/02/1975,M,US Citizen,Two or more races,John Smith,17,Indeed,PIP,1.93,3,1/30/2019,5,Sales,Active,N/A-StillEmployed,9/29/2014,,2014-09-29,,Sep-2014,
10100,"Demita, Carla",5,5,3,58275,1,20,Production Technician II,MA,02/25/51,F,US Citizen,Black or African American,Kelley Spirea,18,Google Search,Fully Meets,4.62,5,05/06/2015,1,Production,Voluntarily Terminated,more money,04/04/2011,11/04/2015,2011-04-04,2015-11-04,Apr-2011,Nov-2015
10310,"Desimone, Carl",1,5,1,53189,0,19,Production Technician I,MA,04/19/67,M,US Citizen,White,Amy Dunn,11,Indeed,PIP,1.12,2,1/31/2019,9,Production,Active,N/A-StillEmployed,07/07/2014,,2014-07-07,,Jul-2014,
10197,"DeVito, Tommy",1,3,3,96820,0,4,BI Developer,MA,09/04/1983,M,US Citizen,White,Brian Champaigne,13,Indeed,Fully Meets,3.01,5,1/23/2019,15,IT/IS,Active,N/A-StillEmployed,2/15/2017,,2017-02-15,,Feb-2017,
10276,"Dickinson, Geoff",1,5,3,51259,0,19,Production Technician I,MA,11/15/82,M,US Citizen,White,Ketsia Liebig,19,Indeed,Fully Meets,4.3,4,2/19/2019,1,Production,Active,N/A-StillEmployed,05/12/2014,,2014-05-12,,May-2014,
10304,"Dietrich, Jenna",1,6,1,59231,0,3,Area Sales Manager,WA,05/14/87,F,US Citizen,White,John Smith,17,Website,PIP,2.3,1,1/29/2019,17,Sales,Active,N/A-StillEmployed,2/20/2012,,2012-02-20,,Feb-2012,
10284,"DiNocco, Lily",1,5,2,61584,0,19,Production Technician I,MA,12/02/1978,F,US Citizen,Black or African American,Brannon Miller,12,Indeed,Needs Improvement,3.88,4,1/18/2019,6,Production,Active,N/A-StillEmployed,01/07/2013,,2013-01-07,,Jan-2013,
10207,"Dobrin, Denisa  S",1,5,3,46335,0,19,Production Technician I,MA,10/07/1986,F,US Citizen,White,David Stanley,14,CareerBuilder,Fully Meets,3.4,5,2/19/2019,15,Production,Active,N/A-StillEmployed,04/02/2012,,2012-04-02,,Apr-2012,
10133,"Dolan, Linda",1,3,3,70621,0,14,IT Support,MA,07/18/88,F,US Citizen,White,Peter Monroe,7,Employee Referral,Fully Meets,4.11,4,2/25/2019,16,IT/IS,Active,N/A-StillEmployed,01/05/2015,,2015-01-05,,Jan-2015,
10028,"Dougall, Eric",1,3,4,138888,0,13,IT Manager - Support,MA,07/09/1970,M,US Citizen,Black or African American,Jennifer Zamora,5,Indeed,Exceeds,4.3,5,01/04/2019,4,IT/IS,Active,N/A-StillEmployed,01/05/2014,,2014-01-05,,Jan-2014,
10006,"Driver, Elle",1,6,4,74241,0,3,Area Sales Manager,CA,11/08/1988,F,US Citizen,White,Lynn Daneault,21,Indeed,Exceeds,4.77,5,1/27/2019,14,Sales,Active,N/A-StillEmployed,01/10/2011,,2011-01-10,,Jan-2011,
10105,"Dunn, Amy",1,5,3,75188,0,18,Production Manager,MA,11/28/73,F,US Citizen,White,Janet King,2,Google Search,Fully Meets,4.52,4,1/15/2019,4,Production,Active,N/A-StillEmployed,9/18/2014,,2014-09-18,,Sep-2014,
10211,"Dunne, Amy",1,5,3,62514,0,19,Production Technician I,MA,09/23/73,F,US Citizen,White,Ketsia Liebig,19,Google Search,Fully Meets,2.9,3,1/21/2019,6,Production,Active,N/A-StillEmployed,4/26/2010,,2010-04-26,,Apr-2010,
10064,"Eaton, Marianne",5,5,3,60070,1,19,Production Technician I,MA,09/05/1991,F,US Citizen,White,Kissy Sullivan,20,Google Search,Fully Meets,5.0,3,04/09/2017,7,Production,Voluntarily Terminated,military,04/04/2011,06/06/2017,2011-04-04,2017-06-06,Apr-2011,Jun-2017
10247,"Engdahl, Jean",1,5,3,48888,0,19,Production Technician I,MA,05/31/74,M,US Citizen,White,Kelley Spirea,18,LinkedIn,Fully Meets,4.7,5,2/13/2019,8,Production,Active,N/A-StillEmployed,11/10/2014,,2014-11-10,,Nov-2014,
10235,"England, Rex",1,5,3,54285,0,19,Production Technician I,MA,08/25/78,M,US Citizen,White,Kelley Spirea,18,Employee Referral,Fully Meets,4.2,3,01/11/2019,3,Production,Active,N/A-StillEmployed,3/31/2014,,2014-03-31,,Mar-2014,
10299,"Erilus, Angela",1,5,1,56847,0,20,Production Technician II,MA,08/25/89,F,US Citizen,White,Michael Albert,22,Indeed,PIP,3.0,1,2/25/2019,5,Production,Active,N/A-StillEmployed,07/07/2014,,2014-07-07,,Jul-2014,
10280,"Estremera, Miguel",4,5,2,60340,1,19,Production Technician I,MA,09/02/1983,M,US Citizen,White,Michael Albert,22,Google Search,Needs Improvement,5.0,4,04/12/2018,16,Production,Terminated for Cause,attendance,04/02/2012,9/27/2018,2012-04-02,2018-09-27,Apr-2012,Sep-2018
10296,"Evensen, April",4,5,2,59124,1,19,Production Technician I,MA,05/06/1989,F,US Citizen,White,Elijiah Gray,16,Google Search,Needs Improvement,2.3,3,1/15/2017,19,Production,Terminated for Cause,"no-call, no-show",2/17/2014,2/25/2018,2014-02-17,2018-02-25,Feb-2014,Feb-2018
10290,"Exantus, Susan",4,4,2,99280,1,24,Software Engineer,MA,05/15/87,F,US Citizen,Black or African American,Alex Sweetwater,10,Indeed,Needs Improvement,2.1,5,08/10/2012,19,Software Engineering,Terminated for Cause,attendance,05/02/2011,06/05/2013,2011-05-02,2013-06-05,May-2011,Jun-2013
10263,"Faller, Megan",1,5,3,71776,0,20,Production Technician II,MA,09/22/78,F,US Citizen,Black or African American,Elijiah Gray,16,LinkedIn,Fully Meets,4.4,5,2/22/2019,17,Production,Active,N/A-StillEmployed,07/07/2014,,2014-07-07,,Jul-2014,
10136,"Fancett, Nicole",1,5,3,65902,0,20,Production Technician II,MA,09/27/87,F,US Citizen,Black or African American,Webster Butler,,LinkedIn,Fully Meets,4.0,4,01/07/2019,7,Production,Active,N/A-StillEmployed,2/17/2014,,2014-02-17,,Feb-2014,
10189,"Ferguson, Susan",5,5,3,57748,1,19,Production Technician I,MA,04/14/55,F,US Citizen,White,Webster Butler,39,Google Search,Fully Meets,3.13,3,02/04/2016,16,Production,Voluntarily Terminated,military,11/07/2011,5/17/2016,2011-11-07,2016-05-17,Nov-2011,May-2016
10308,"Fernandes, Nilson",1,5,1,64057,0,19,Production Technician I,MA,10/18/89,M,US Citizen,White,Amy Dunn,11,Indeed,PIP,1.56,5,01/03/2019,15,Production,Active,N/A-StillEmployed,05/11/2015,,2015-05-11,,May-2015,
10309,"Fett, Boba",1,3,1,53366,0,15,Network Engineer,MA,06/18/87,M,US Citizen,White,Peter Monroe,7,LinkedIn,PIP,1.2,3,02/04/2019,2,IT/IS,Active,N/A-StillEmployed,3/30/2015,,2015-03-30,,Mar-2015,
10049,"Fidelia,  Libby",1,5,3,58530,0,19,Production Technician I,MA,03/16/81,F,US Citizen,White,Brannon Miller,12,Google Search,Fully Meets,5.0,5,1/29/2019,19,Production,Active,N/A-StillEmployed,01/09/2012,,2012-01-09,,Jan-2012,
10093,"Fitzpatrick, Michael  J",5,5,3,72609,1,20,Production Technician II,MA,10/01/1981,M,US Citizen,White,Amy Dunn,11,Google Search,Fully Meets,4.76,5,04/05/2013,20,Production,Voluntarily Terminated,hours,5/16/2011,6/24/2013,2011-05-16,2013-06-24,May-2011,Jun-2013
10163,"Foreman, Tanya",5,5,3,55965,1,20,Production Technician II,MA,11/08/1983,F,US Citizen,White,Ketsia Liebig,19,Google Search,Fully Meets,3.66,3,01/07/2012,6,Production,Voluntarily Terminated,career change,04/04/2011,01/09/2013,2011-04-04,2013-01-09,Apr-2011,Jan-2013
10305,"Forrest, Alex",1,6,3,70187,1,3,Area Sales Manager,MA,07/07/1975,M,US Citizen,White,Lynn Daneault,21,Employee Referral,PIP,2.0,5,1/28/2019,7,Sales,Terminated for Cause,Fatal attraction,9/29/2014,8/19/2018,2014-09-29,2018-08-19,Sep-2014,Aug-2018
10015,"Foss, Jason",1,3,4,178000,0,12,IT Director,MA,07/05/1980,M,US Citizen,Black or African American,Jennifer Zamora,5,Indeed,Exceeds,5.0,5,01/07/2019,15,IT/IS,Active,N/A-StillEmployed,4/15/2011,,2011-04-15,,Apr-2011,
10080,"Foster-Baker, Amy",1,1,3,99351,0,26,Sr. Accountant,MA,04/16/79,F,US Citizen,White,Board of Directors,9,Other,Fully Meets,5.0,3,02/08/2019,3,Admin Offices,Active,N/A-StillEmployed,01/05/2009,,2009-01-05,,Jan-2009,
10258,"Fraval, Maruk",1,6,3,67251,0,3,Area Sales Manager,CT,08/28/63,M,US Citizen,Black or African American,Lynn Daneault,21,CareerBuilder,Fully Meets,4.3,3,1/27/2019,7,Sales,Active,N/A-StillEmployed,09/06/2011,,2011-09-06,,Sep-2011,
10273,"Galia, Lisa",1,3,3,65707,0,14,IT Support,CT,07/06/1968,F,US Citizen,White,Eric Dougall,6,LinkedIn,Fully Meets,4.7,4,02/01/2019,1,IT/IS,Active,N/A-StillEmployed,05/01/2010,,2010-05-01,,May-2010,
10111,"Garcia, Raul",1,5,3,52249,0,19,Production Technician I,MA,09/15/85,M,US Citizen,White,David Stanley,14,Employee Referral,Fully Meets,4.5,3,2/18/2019,5,Production,Active,N/A-StillEmployed,3/30/2015,,2015-03-30,,Mar-2015,
10257,"Gaul, Barbara",1,5,3,53171,0,19,Production Technician I,MA,12/02/1983,F,US Citizen,Black or African American,Kelley Spirea,18,LinkedIn,Fully Meets,4.2,4,2/26/2019,12,Production,Active,N/A-StillEmployed,5/16/2011,,2011-05-16,,May-2011,
10159,"Gentry, Mildred",1,5,3,51337,0,19,Production Technician I,MA,10/01/1990,F,US Citizen,Black or African American,Michael Albert,22,LinkedIn,Fully Meets,3.73,3,1/16/2019,19,Production,Active,N/A-StillEmployed,3/30/2015,,2015-03-30,,Mar-2015,
10122,"Gerke, Melisa",5,5,3,51505,1,19,Production Technician I,MA,05/15/70,F,US Citizen,Black or African American,Elijiah Gray,16,Diversity Job Fair,Fully Meets,4.24,4,4/29/2016,2,Production,Voluntarily Terminated,hours,11/07/2011,11/15/2016,2011-11-07,2016-11-15,Nov-2011,Nov-2016
10142,"Gill, Whitney",4,6,3,59370,1,3,Area Sales Manager,OH,07/10/1971,F,US Citizen,Black or African American,John Smith,17,CareerBuilder,Fully Meets,3.97,4,1/15/2014,7,Sales,Terminated for Cause,attendance,07/07/2014,09/05/2015,2014-07-07,2015-09-05,Jul-2014,Sep-2015
10283,"Gilles, Alex",5,5,2,54933,1,19,Production Technician I,MA,08/09/1974,M,US Citizen,Black or African American,Webster Butler,39,Diversity Job Fair,Needs Improvement,3.97,4,1/20/2015,15,Production,Voluntarily Terminated,military,04/02/2012,6/25/2015,2012-04-02,2015-06-25,Apr-2012,Jun-2015
10018,"Girifalco, Evelyn",1,5,4,57815,0,19,Production Technician I,MA,05/08/1980,F,US Citizen,Two or more races,Amy Dunn,11,Indeed,Exceeds,3.9,4,02/07/2019,3,Production,Active,N/A-StillEmployed,9/29/2014,,2014-09-29,,Sep-2014,
10255,"Givens, Myriam",1,6,3,61555,0,3,Area Sales Manager,IN,09/22/89,F,US Citizen,White,Lynn Daneault,21,Indeed,Fully Meets,4.5,5,1/25/2019,20,Sales,Active,N/A-StillEmployed,2/16/2015,,2015-02-16,,Feb-2015,
10246,"Goble, Taisha",4,3,3,114800,1,8,Database Administrator,MA,10/23/71,F,US Citizen,White,Simon Roup,4,Indeed,Fully Meets,4.6,4,1/20/2015,10,IT/IS,Terminated for Cause,"no-call, no-show",2/16/2015,3/15/2015,2015-02-16,2015-03-15,Feb-2015,Mar-2015
10228,"Goeth, Amon",1,3,3,74679,0,14,IT Support,MA,11/24/89,M,US Citizen,White,Peter Monroe,7,LinkedIn,Fully Meets,4.3,5,01/10/2019,20,IT/IS,Active,N/A-StillEmployed,3/30/2015,,2015-03-30,,Mar-2015,
10243,"Gold, Shenice",1,5,3,53018,0,19,Production Technician I,MA,06/18/92,F,US Citizen,White,Ketsia Liebig,19,Indeed,Fully Meets,4.3,5,2/18/2019,7,Production,Active,N/A-StillEmployed,11/11/2013,,2013-11-11,,Nov-2013,
10031,"Gonzalez, Cayo",1,5,4,59892,0,19,Production Technician I,MA,09/29/69,M,US Citizen,Black or African American,Brannon Miller,12,Diversity Job Fair,Exceeds,4.5,4,2/18/2019,1,Production,Active,N/A-StillEmployed,07/11/2011,,2011-07-11,,Jul-2011,
10300,"Gonzalez, Juan",5,5,1,68898,1,20,Production Technician II,MA,10/12/1964,M,US Citizen,Black or African American,Brannon Miller,12,Diversity Job Fair,PIP,3.0,3,03/06/2011,10,Production,Voluntarily Terminated,career change,4/26/2010,5/30/2011,2010-04-26,2011-05-30,Apr-2010,May-2011
10101,"Gonzalez, Maria",1,3,3,61242,0,14,IT Support,MA,04/16/81,F,US Citizen,White,Peter Monroe,7,Employee Referral,Fully Meets,4.61,4,1/28/2019,11,IT/IS,Active,N/A-StillEmployed,01/05/2015,,2015-01-05,,Jan-2015,
10237,"Good, Susan",3,5,3,66825,0,20,Production Technician II,MA,05/25/86,F,US Citizen,White,David Stanley,14,LinkedIn,Fully Meets,4.6,3,02/07/2019,20,Production,Active,N/A-StillEmployed,05/12/2014,,2014-05-12,,May-2014,
10051,"Gordon, David",1,5,3,48285,0,19,Production Technician I,MA,05/21/79,M,US Citizen,White,David Stanley,14,LinkedIn,Fully Meets,5.0,3,1/14/2019,2,Production,Active,N/A-StillEmployed,07/02/2012,,2012-07-02,,Jul-2012,
10218,"Gosciminski, Phylicia",3,5,3,66149,0,20,Production Technician II,MA,12/08/1983,F,US Citizen,American Indian or Alaska Native,Kissy Sullivan,20,Google Search,Fully Meets,4.4,5,2/21/2019,1,Production,Active,N/A-StillEmployed,9/30/2013,,2013-09-30,,Sep-2013,
10256,"Goyal, Roxana",3,5,3,49256,0,19,Production Technician I,MA,10/09/1974,F,US Citizen,Asian,Kissy Sullivan,20,LinkedIn,Fully Meets,4.1,5,2/15/2019,3,Production,Active,N/A-StillEmployed,8/19/2013,,2013-08-19,,Aug-2013,
10098,"Gray, Elijiah",1,5,3,62957,0,18,Production Manager,MA,07/11/1981,M,US Citizen,White,Janet King,2,Employee Referral,Fully Meets,4.63,3,01/04/2019,2,Production,Active,N/A-StillEmployed,06/02/2015,,2015-06-02,,Jun-2015,
10059,"Gross, Paula",5,5,3,63813,1,19,Production Technician I,MA,05/21/83,F,US Citizen,White,Kelley Spirea,18,CareerBuilder,Fully Meets,5.0,5,06/03/2013,17,Production,Voluntarily Terminated,more money,2/21/2011,01/11/2014,2011-02-21,2014-01-11,Feb-2011,Jan-2014
10234,"Gruber, Hans",1,3,3,99020,0,4,BI Developer,MA,06/30/89,M,US Citizen,Black or African American,Brian Champaigne,13,Indeed,Fully Meets,4.2,5,1/28/2019,8,IT/IS,Active,N/A-StillEmployed,4/20/2017,,2017-04-20,,Apr-2017,
10109,"Guilianno, Mike",5,6,3,71707,1,3,Area Sales Manager,TN,02/09/1969,M,US Citizen,Two or more races,John Smith,17,LinkedIn,Fully Meets,4.5,5,02/01/2013,20,Sales,Voluntarily Terminated,relocation out of area,03/07/2012,10/31/2014,2012-03-07,2014-10-31,Mar-2012,Oct-2014
10125,"Handschiegl, Joanne",1,5,3,54828,0,19,Production Technician I,MA,03/23/77,F,US Citizen,White,Michael Albert,22,Google Search,Fully Meets,4.2,4,2/22/2019,13,Production,Active,N/A-StillEmployed,11/28/2011,,2011-11-28,,Nov-2011,
10074,"Hankard, Earnest",1,5,3,64246,0,20,Production Technician II,MA,08/10/1988,M,US Citizen,White,Kelley Spirea,18,LinkedIn,Fully Meets,5.0,3,01/08/2019,20,Production,Active,N/A-StillEmployed,11/11/2013,,2013-11-11,,Nov-2013,
10097,"Harrington, Christie",5,5,3,52177,1,19,Production Technician I,MA,08/18/52,F,US Citizen,White,Webster Butler,39,CareerBuilder,Fully Meets,4.64,4,05/02/2015,8,Production,Voluntarily Terminated,retiring,01/09/2012,12/15/2015,2012-01-09,2015-12-15,Jan-2012,Dec-2015
10007,"Harrison, Kara",1,5,4,62065,0,19,Production Technician I,MA,05/02/1974,F,US Citizen,White,Amy Dunn,11,CareerBuilder,Exceeds,4.76,4,2/15/2019,5,Production,Active,N/A-StillEmployed,05/12/2014,,2014-05-12,,May-2014,
10129,"Heitzman, Anthony",1,5,3,46998,0,19,Production Technician I,MA,01/04/1984,M,US Citizen,White,Ketsia Liebig,19,Google Search,Fully Meets,4.17,4,02/11/2019,1,Production,Active,N/A-StillEmployed,8/13/2012,,2012-08-13,,Aug-2012,
10075,"Hendrickson, Trina",5,5,3,68099,1,20,Production Technician II,MA,08/27/72,F,US Citizen,White,Kelley Spirea,18,CareerBuilder,Fully Meets,5.0,3,1/30/2013,15,Production,Voluntarily Terminated,hours,01/10/2011,6/18/2013,2011-01-10,2013-06-18,Jan-2011,Jun-2013
10167,"Hitchcock, Alfred",1,6,3,70545,0,3,Area Sales Manager,NH,09/14/88,M,US Citizen,American Indian or Alaska Native,John Smith,17,Indeed,Fully Meets,3.6,5,1/30/2019,9,Sales,Active,N/A-StillEmployed,8/18/2014,,2014-08-18,,Aug-2014,
10195,"Homberger, Adrienne  J",5,5,3,63478,1,20,Production Technician II,MA,02/16/84,F,Non-Citizen,White,Michael Albert,30,Indeed,Fully Meets,3.03,5,03/05/2012,16,Production,Voluntarily Terminated,relocation out of area,8/15/2011,04/07/2012,2011-08-15,2012-04-07,Aug-2011,Apr-2012
10112,"Horton, Jayne",1,3,3,97999,0,8,Database Administrator,MA,02/21/84,F,US Citizen,White,Simon Roup,4,Indeed,Fully Meets,4.48,5,01/03/2019,4,IT/IS,Active,N/A-StillEmployed,3/30/2015,,2015-03-30,,Mar-2015,
10272,"Houlihan, Debra",1,6,3,180000,0,11,Director of Sales,RI,03/17/66,F,US Citizen,White,Janet King,2,LinkedIn,Fully Meets,4.5,4,1/21/2019,19,Sales,Active,N/A-StillEmployed,05/05/2014,,2014-05-05,,May-2014,
10182,"Howard, Estelle",1,1,3,49920,1,2,Administrative Assistant,MA,09/16/85,F,US Citizen,Black or African American,Brandon R. LeBlanc,1,Indeed,Fully Meets,3.24,3,4/15/2015,6,Admin Offices,Terminated for Cause,"no-call, no-show",2/16/2015,4/15/2015,2015-02-16,2015-04-15,Feb-2015,Apr-2015
10248,"Hudson, Jane",1,5,3,55425,0,19,Production Technician I,MA,06/10/1986,F,US Citizen,White,Ketsia Liebig,19,LinkedIn,Fully Meets,4.8,4,01/07/2019,4,Production,Active,N/A-StillEmployed,2/20/2012,,2012-02-20,,Feb-2012,
10201,"Hunts, Julissa",2,5,3,69340,0,20,Production Technician II,MA,03/11/1984,F,US Citizen,White,Elijiah Gray,16,LinkedIn,Fully Meets,3.0,5,1/18/2019,4,Production,Active,N/A-StillEmployed,06/06/2016,,2016-06-06,,Jun-2016,
10214,"Hutter, Rosalie",2,5,3,64995,0,20,Production Technician II,MA,05/07/1992,F,US Citizen,White,Webster Butler,,Indeed,Fully Meets,4.5,3,2/14/2019,6,Production,Active,N/A-StillEmployed,06/05/2015,,2015-06-05,,Jun-2015,
10160,"Huynh, Ming",5,5,3,68182,1,20,Production Technician II,MA,09/22/76,F,US Citizen,White,Amy Dunn,11,Google Search,Fully Meets,3.72,3,02/01/2013,18,Production,Voluntarily Terminated,unhappy,2/21/2011,04/01/2013,2011-02-21,2013-04-01,Feb-2011,Apr-2013
10289,"Immediato, Walter",5,5,2,83082,1,18,Production Manager,MA,11/15/76,M,US Citizen,Asian,Janet King,2,Indeed,Needs Improvement,2.34,2,04/12/2012,4,Production,Voluntarily Terminated,unhappy,2/21/2011,9/24/2012,2011-02-21,2012-09-24,Feb-2011,Sep-2012
10139,"Ivey, Rose",1,5,3,51908,0,19,Production Technician I,MA,01/28/91,F,US Citizen,White,Brannon Miller,12,Indeed,Fully Meets,3.99,3,1/14/2019,14,Production,Active,N/A-StillEmployed,8/19/2013,,2013-08-19,,Aug-2013,
10227,"Jackson, Maryellen",1,5,3,61242,0,19,Production Technician I,MA,09/11/1972,F,US Citizen,Black or African American,David Stanley,14,LinkedIn,Fully Meets,4.1,3,1/17/2019,7,Production,Active,N/A-StillEmployed,11/05/2012,,2012-11-05,,Nov-2012,
10236,"Jacobi, Hannah",1,5,3,45069,0,19,Production Technician I,MA,03/22/66,F,US Citizen,White,Kissy Sullivan,20,Employee Referral,Fully Meets,4.3,5,2/22/2019,7,Production,Active,N/A-StillEmployed,9/30/2013,,2013-09-30,,Sep-2013,
10009,"Jeannite, Tayana",1,5,4,60724,0,20,Production Technician II,MA,11/06/1986,F,US Citizen,American Indian or Alaska Native,Ketsia Liebig,19,LinkedIn,Exceeds,4.6,4,2/25/2019,11,Production,Active,N/A-StillEmployed,07/05/2011,,2011-07-05,,Jul-2011,
10060,"Jhaveri, Sneha",1,5,3,60436,0,19,Production Technician I,MA,04/13/64,F,US Citizen,White,Kelley Spirea,18,LinkedIn,Fully Meets,5.0,5,1/21/2019,9,Production,Active,N/A-StillEmployed,01/06/2014,,2014-01-06,,Jan-2014,
10034,"Johnson, George",5,5,4,46837,1,19,Production Technician I,MA,08/19/59,M,US Citizen,White,Michael Albert,22,CareerBuilder,Exceeds,4.7,4,2/14/2018,9,Production,Voluntarily Terminated,more money,11/07/2011,4/29/2018,2011-11-07,2018-04-29,Nov-2011,Apr-2018
10156,"Johnson, Noelle",3,3,3,105700,0,8,Database Administrator,MA,11/07/1986,F,US Citizen,Asian,Simon Roup,4,Indeed,Fully Meets,3.75,3,02/11/2019,2,IT/IS,Active,N/A-StillEmployed,01/05/2015,,2015-01-05,,Jan-2015,
10036,"Johnston, Yen",1,5,4,63322,0,20,Production Technician II,MA,09/08/1969,F,US Citizen,White,Brannon Miller,12,LinkedIn,Exceeds,4.3,3,01/11/2019,1,Production,Active,N/A-StillEmployed,07/07/2014,,2014-07-07,,Jul-2014,
10138,"Jung, Judy",5,5,3,61154,1,19,Production Technician I,MA,04/17/86,F,US Citizen,Black or African American,Elijiah Gray,16,CareerBuilder,Fully Meets,4.0,4,02/03/2016,4,Production,Voluntarily Terminated,unhappy,01/10/2011,04/01/2016,2011-01-10,2016-04-01,Jan-2011,Apr-2016
10244,"Kampew, Donysha",5,6,3,68999,1,21,Sales Manager,PA,11/11/1989,F,US Citizen,White,Debra Houlihan,15,Google Search,Fully Meets,4.5,5,3/30/2013,2,Sales,Voluntarily Terminated,maternity leave - did not return,11/07/2011,4/24/2014,2011-11-07,2014-04-24,Nov-2011,Apr-2014
10192,"Keatts, Kramer",1,5,3,50482,0,19,Production Technician I,MA,01/19/76,M,US Citizen,White,Michael Albert,22,Indeed,Fully Meets,3.07,4,1/23/2019,10,Production,Active,N/A-StillEmployed,9/30/2013,,2013-09-30,,Sep-2013,
10231,"Khemmich, Bartholemew",1,6,3,65310,0,3,Area Sales Manager,CO,11/27/79,M,US Citizen,White,Lynn Daneault,21,Indeed,Fully Meets,4.3,5,1/22/2019,13,Sales,Active,N/A-StillEmployed,8/19/2013,,2013-08-19,,Aug-2013,
10089,"King, Janet",1,2,3,250000,0,16,President & CEO,MA,09/21/54,F,US Citizen,White,Board of Directors,9,Indeed,Fully Meets,4.83,3,1/17/2019,10,Executive Office,Active,N/A-StillEmployed,07/02/2012,,2012-07-02,,Jul-2012,
10166,"Kinsella, Kathleen",5,5,3,54005,1,19,Production Technician I,MA,12/08/1973,F,US Citizen,White,Webster Butler,39,Google Search,Fully Meets,3.6,5,03/01/2015,16,Production,Voluntarily Terminated,more money,9/26/2011,06/04/2015,2011-09-26,2015-06-04,Sep-2011,Jun-2015
10170,"Kirill, Alexandra",5,5,3,45433,1,19,Production Technician I,MA,10/08/1970,F,US Citizen,White,Amy Dunn,11,Google Search,Fully Meets,3.49,4,1/30/2013,6,Production,Voluntarily Terminated,more money,9/26/2011,01/09/2014,2011-09-26,2014-01-09,Sep-2011,Jan-2014
10208,"Knapp, Bradley  J",1,5,3,46654,0,19,Production Technician I,MA,11/10/1977,M,US Citizen,Black or African American,Ketsia Liebig,19,LinkedIn,Fully Meets,3.1,3,02/06/2019,3,Production,Active,N/A-StillEmployed,2/17/2014,,2014-02-17,,Feb-2014,
10176,"Kretschmer, John",1,5,3,63973,0,19,Production Technician I,MA,02/02/1980,M,US Citizen,Asian,Brannon Miller,12,Indeed,Fully Meets,3.38,3,1/21/2019,17,Production,Active,N/A-StillEmployed,01/10/2011,,2011-01-10,,Jan-2011,
10165,"Kreuger, Freddy",1,6,3,71339,0,3,Area Sales Manager,NY,02/24/69,M,US Citizen,Black or African American,John Smith,17,Diversity Job Fair,Fully Meets,3.65,5,1/17/2019,20,Sales,Active,N/A-StillEmployed,03/07/2011,,2011-03-07,,Mar-2011,
10113,"Lajiri,  Jyoti",3,3,3,93206,0,28,Sr. Network Engineer,MA,04/23/86,M,US Citizen,White,Peter Monroe,7,Employee Referral,Fully Meets,4.46,5,01/07/2019,7,IT/IS,Active,N/A-StillEmployed,11/10/2014,,2014-11-10,,Nov-2014,
10092,"Landa, Hans",4,5,3,82758,1,18,Production Manager,MA,07/01/1972,M,US Citizen,White,Janet King,2,Employee Referral,Fully Meets,4.78,4,2/15/2015,9,Production,Terminated for Cause,attendance,01/10/2011,12/12/2015,2011-01-10,2015-12-12,Jan-2011,Dec-2015
10106,"Langford, Lindsey",5,5,3,66074,1,20,Production Technician II,MA,07/25/79,F,US Citizen,Asian,David Stanley,14,Indeed,Fully Meets,4.52,3,2/20/2014,20,Production,Voluntarily Terminated,Another position,01/07/2013,3/31/2014,2013-01-07,2014-03-31,Jan-2013,Mar-2014
10052,"Langton, Enrico",1,5,3,46120,0,19,Production Technician I,MA,12/09/1986,M,US Citizen,White,David Stanley,14,LinkedIn,Fully Meets,5.0,5,02/04/2019,13,Production,Active,N/A-StillEmployed,07/09/2012,,2012-07-09,,Jul-2012,
10038,"LaRotonda, William",1,1,3,64520,0,1,Accountant I,MA,04/26/84,M,US Citizen,Black or African American,Brandon R. LeBlanc,1,Website,Fully Meets,5.0,4,1/17/2019,3,Admin Offices,Active,N/A-StillEmployed,01/06/2014,,2014-01-06,,Jan-2014,
10249,"Latif, Mohammed",5,5,3,61962,1,20,Production Technician II,MA,05/09/1984,M,US Citizen,White,Kissy Sullivan,20,Google Search,Fully Meets,4.9,3,2/20/2013,20,Production,Voluntarily Terminated,more money,04/02/2012,4/15/2013,2012-04-02,2013-04-15,Apr-2012,Apr-2013
10232,"Le, Binh",1,3,3,81584,0,22,Senior BI Developer,MA,06/14/87,F,US Citizen,Asian,Brian Champaigne,13,Indeed,Fully Meets,4.1,5,01/08/2019,2,IT/IS,Active,N/A-StillEmployed,10/02/2016,,2016-10-02,,Oct-2016,
10087,"Leach, Dallas",5,5,3,63676,1,19,Production Technician I,MA,01/17/79,F,US Citizen,Asian,Kissy Sullivan,20,CareerBuilder,Fully Meets,4.88,3,07/02/2017,17,Production,Voluntarily Terminated,return to school,9/26/2011,8/19/2018,2011-09-26,2018-08-19,Sep-2011,Aug-2018
10134,"LeBlanc, Brandon  R",1,1,3,93046,0,23,Shared Services Manager,MA,06/10/1984,M,US Citizen,White,Janet King,2,CareerBuilder,Fully Meets,4.1,4,1/28/2019,20,Admin Offices,Active,N/A-StillEmployed,01/05/2016,,2016-01-05,,Jan-2016,
10251,"Lecter, Hannibal",1,5,3,64738,0,19,Production Technician I,MA,09/02/1982,M,US Citizen,Asian,Elijiah Gray,16,Google Search,Fully Meets,4.1,3,2/22/2019,10,Production,Active,N/A-StillEmployed,5/14/2012,,2012-05-14,,May-2012,
10103,"Leruth, Giovanni",1,6,3,70468,0,3,Area Sales Manager,UT,12/27/88,M,US Citizen,Black or African American,John Smith,17,Website,Fully Meets,4.53,3,1/29/2019,16,Sales,Active,N/A-StillEmployed,4/30/2012,,2012-04-30,,Apr-2012,
10017,"Liebig, Ketsia",1,5,4,77915,0,18,Production Manager,MA,10/26/81,F,US Citizen,White,Janet King,2,Website,Exceeds,4.1,3,1/21/2019,11,Production,Active,N/A-StillEmployed,9/30/2013,,2013-09-30,,Sep-2013,
10186,"Linares, Marilyn",5,5,3,52624,1,19,Production Technician I,MA,03/26/81,F,US Citizen,White,Michael Albert,22,Indeed,Fully Meets,3.18,4,03/02/2018,16,Production,Voluntarily Terminated,unhappy,07/05/2011,9/26/2018,2011-07-05,2018-09-26,Jul-2011,Sep-2018
10137,"Linden, Mathew",3,5,3,63450,0,20,Production Technician II,MA,03/19/79,M,US Citizen,White,Kelley Spirea,18,LinkedIn,Fully Meets,4.0,3,2/18/2019,7,Production,Active,N/A-StillEmployed,07/08/2013,,2013-07-08,,Jul-2013,
10008,"Lindsay, Leonara",1,3,4,51777,0,14,IT Support,CT,10/05/1988,F,US Citizen,Black or African American,Eric Dougall,6,Diversity Job Fair,Exceeds,4.64,4,1/25/2019,14,IT/IS,Active,N/A-StillEmployed,1/21/2011,,2011-01-21,,Jan-2011,
10096,"Lundy, Susan",5,5,3,67237,1,20,Production Technician II,MA,12/26/76,F,US Citizen,White,Michael Albert,22,LinkedIn,Fully Meets,4.65,4,06/10/2016,15,Production,Voluntarily Terminated,more money,07/08/2013,9/15/2016,2013-07-08,2016-09-15,Jul-2013,Sep-2016
10035,"Lunquist, Lisa",1,5,4,73330,0,20,Production Technician II,MA,03/28/82,F,US Citizen,Black or African American,Elijiah Gray,16,Indeed,Exceeds,4.2,4,02/12/2019,19,Production,Active,N/A-StillEmployed,8/19/2013,,2013-08-19,,Aug-2013,
10057,"Lydon, Allison",3,5,3,52057,0,19,Production Technician I,MA,10/22/75,F,US Citizen,Black or African American,Elijiah Gray,16,Website,Fully Meets,5.0,3,1/23/2019,6,Production,Active,N/A-StillEmployed,2/16/2015,,2015-02-16,,Feb-2015,
10004,"Lynch, Lindsay",5,5,4,47434,1,19,Production Technician I,MA,02/14/73,F,US Citizen,Black or African American,Webster Butler,39,Diversity Job Fair,Exceeds,5.0,4,02/02/2015,17,Production,Voluntarily Terminated,Another position,11/07/2011,11/14/2015,2011-11-07,2015-11-14,Nov-2011,Nov-2015
10191,"MacLennan, Samuel",5,5,3,52788,1,19,Production Technician I,MA,11/09/1972,M,US Citizen,White,Amy Dunn,11,Indeed,Fully Meets,3.08,4,04/01/2017,18,Production,Voluntarily Terminated,hours,9/24/2012,9/26/2017,2012-09-24,2017-09-26,Sep-2012,Sep-2017
10219,"Mahoney, Lauren",1,5,3,45395,0,19,Production Technician I,MA,07/07/1986,F,US Citizen,White,Ketsia Liebig,19,LinkedIn,Fully Meets,4.6,4,2/26/2019,14,Production,Active,N/A-StillEmployed,01/06/2014,,2014-01-06,,Jan-2014,
10077,"Manchester, Robyn",2,5,3,62385,0,20,Production Technician II,MA,08/25/76,F,US Citizen,White,Webster Butler,,LinkedIn,Fully Meets,5.0,3,1/21/2019,4,Production,Active,N/A-StillEmployed,05/11/2016,,2016-05-11,,May-2016,
10073,"Mancuso, Karen",5,5,3,68407,1,20,Production Technician II,MA,12/10/1986,F,US Citizen,Two or more races,Amy Dunn,11,LinkedIn,Fully Meets,5.0,4,07/02/2012,16,Production,Voluntarily Terminated,Another position,07/05/2011,8/19/2012,2011-07-05,2012-08-19,Jul-2011,Aug-2012
10279,"Mangal, Debbie",1,5,3,61349,0,19,Production Technician I,MA,11/07/1974,F,US Citizen,White,Brannon Miller,12,LinkedIn,Fully Meets,4.1,3,1/22/2019,11,Production,Active,N/A-StillEmployed,11/11/2013,,2013-11-11,,Nov-2013,
10110,"Martin, Sandra",1,4,3,105688,0,24,Software Engineer,MA,11/07/1987,F,US Citizen,Asian,Alex Sweetwater,10,Google Search,Fully Meets,4.5,5,1/14/2019,14,Software Engineering,Active,N/A-StillEmployed,11/11/2013,,2013-11-11,,Nov-2013,
10053,"Maurice, Shana",1,5,3,54132,0,19,Production Technician I,MA,11/22/77,F,US Citizen,White,David Stanley,14,Indeed,Fully Meets,5.0,4,01/10/2019,8,Production,Active,N/A-StillEmployed,5/31/2011,,2011-05-31,,May-2011,
10076,"Carthy, B'rigit",1,5,3,55315,0,20,Production Technician II,MA,05/21/87,F,US Citizen,Black or African American,Ketsia Liebig,19,LinkedIn,Fully Meets,5.0,5,02/07/2019,16,Production,Active,N/A-StillEmployed,3/30/2015,,2015-03-30,,Mar-2015,
10145,"Mckenna, Sandy",1,5,3,62810,0,19,Production Technician I,MA,01/07/1987,F,US Citizen,Black or African American,Kissy Sullivan,20,CareerBuilder,Fully Meets,3.93,3,1/30/2019,20,Production,Active,N/A-StillEmployed,01/07/2013,,2013-01-07,,Jan-2013,
10202,"McKinzie, Jac",2,6,3,63291,0,3,Area Sales Manager,TX,07/01/1984,M,US Citizen,Two or more races,Lynn Daneault,21,Website,Fully Meets,3.4,4,1/29/2019,7,Sales,Active,N/A-StillEmployed,07/06/2016,,2016-07-06,,Jul-2016,
10128,"Meads, Elizabeth",5,5,3,62659,1,19,Production Technician I,MA,05/30/68,F,US Citizen,Black or African American,Kelley Spirea,18,Diversity Job Fair,Fully Meets,4.18,4,02/05/2016,17,Production,Voluntarily Terminated,Another position,04/02/2012,11/11/2016,2012-04-02,2016-11-11,Apr-2012,Nov-2016
10068,"Medeiros, Jennifer",1,5,3,55688,0,19,Production Technician I,MA,09/22/76,F,US Citizen,White,Michael Albert,22,CareerBuilder,Fully Meets,5.0,4,1/21/2019,10,Production,Active,N/A-StillEmployed,3/30/2015,,2015-03-30,,Mar-2015,
10116,"Miller, Brannon",1,5,3,83667,0,18,Production Manager,MA,08/10/1981,M,US Citizen,Hispanic,Janet King,2,Indeed,Fully Meets,4.37,3,1/14/2019,2,Production,Active,N/A-StillEmployed,8/16/2012,,2012-08-16,,Aug-2012,
10298,"Miller, Ned",5,5,1,55800,1,20,Production Technician II,MA,06/29/85,M,US Citizen,White,Brannon Miller,12,LinkedIn,PIP,3.0,2,1/14/2013,6,Production,Voluntarily Terminated,unhappy,8/15/2011,09/04/2014,2011-08-15,2014-09-04,Aug-2011,Sep-2014
10213,"Monkfish, Erasumus",1,5,3,58207,0,20,Production Technician II,MA,08/17/92,M,US Citizen,White,David Stanley,14,LinkedIn,Fully Meets,3.7,3,01/08/2019,14,Production,Active,N/A-StillEmployed,11/07/2011,,2011-11-07,,Nov-2011,
10288,"Monroe, Peter",1,3,2,157000,0,13,IT Manager - Infra,MA,10/05/1986,M,Eligible NonCitizen,Black or African American,Jennifer Zamora,5,Diversity Job Fair,Needs Improvement,2.39,3,2/22/2019,13,IT/IS,Active,N/A-StillEmployed,2/15/2012,,2012-02-15,,Feb-2012,
10025,"Monterro, Luisa",1,5,4,72460,0,20,Production Technician II,MA,04/24/70,F,US Citizen,Black or African American,Kissy Sullivan,20,Indeed,Exceeds,4.7,3,1/14/2019,1,Production,Active,N/A-StillEmployed,5/13/2013,,2013-05-13,,May-2013,
10223,"Moran, Patrick",3,5,3,72106,0,20,Production Technician II,MA,12/03/1976,M,US Citizen,Black or African American,Kelley Spirea,18,Diversity Job Fair,Fully Meets,4.1,4,1/31/2019,12,Production,Active,N/A-StillEmployed,01/09/2012,,2012-01-09,,Jan-2012,
10151,"Morway, Tanya",1,3,3,52599,0,15,Network Engineer,MA,04/04/1979,F,US Citizen,White,Peter Monroe,7,CareerBuilder,Fully Meets,3.81,3,02/11/2019,6,IT/IS,Active,N/A-StillEmployed,2/16/2015,,2015-02-16,,Feb-2015,
10254,"Motlagh,  Dawn",1,5,3,63430,0,19,Production Technician I,MA,07/07/1984,F,US Citizen,White,Elijiah Gray,16,LinkedIn,Fully Meets,4.4,4,1/17/2019,18,Production,Active,N/A-StillEmployed,04/01/2013,,2013-04-01,,Apr-2013,
10120,"Moumanil, Maliki",1,5,3,74417,0,20,Production Technician II,MA,12/01/1974,M,US Citizen,Black or African American,Michael Albert,22,LinkedIn,Fully Meets,4.29,5,1/28/2019,11,Production,Active,N/A-StillEmployed,5/13/2013,,2013-05-13,,May-2013,
10216,"Myers, Michael",1,5,3,57575,0,19,Production Technician I,MA,04/18/80,M,US Citizen,Asian,Kissy Sullivan,20,LinkedIn,Fully Meets,4.1,4,1/22/2019,13,Production,Active,N/A-StillEmployed,07/08/2013,,2013-07-08,,Jul-2013,
10079,"Navathe, Kurt",1,3,3,87921,0,22,Senior BI Developer,MA,04/25/70,M,US Citizen,Asian,Brian Champaigne,13,Indeed,Fully Meets,5.0,3,2/25/2019,17,IT/IS,Active,N/A-StillEmployed,02/10/2017,,2017-02-10,,Feb-2017,
10215,"Ndzi, Colombui",5,5,3,50470,1,19,Production Technician I,MA,05/02/1989,M,US Citizen,Black or African American,Webster Butler,39,Diversity Job Fair,Fully Meets,4.3,3,03/02/2013,19,Production,Voluntarily Terminated,return to school,9/26/2011,04/04/2014,2011-09-26,2014-04-04,Sep-2011,Apr-2014
10185,"Ndzi, Horia",5,5,3,46664,1,19,Production Technician I,MA,03/28/83,M,US Citizen,White,Amy Dunn,11,Employee Referral,Fully Meets,3.18,3,03/06/2016,10,Production,Voluntarily Terminated,more money,04/01/2013,5/25/2016,2013-04-01,2016-05-25,Apr-2013,May-2016
10063,"Newman, Richard",3,5,3,48495,0,19,Production Technician I,MA,04/08/1977,M,US Citizen,White,Ketsia Liebig,19,LinkedIn,Fully Meets,5.0,5,2/18/2019,11,Production,Active,N/A-StillEmployed,05/12/2014,,2014-05-12,,May-2014,
10037,"Ngodup, Shari",1,5,4,52984,0,19,Production Technician I,MA,06/03/1967,F,US Citizen,Black or African American,Brannon Miller,12,Diversity Job Fair,Exceeds,4.0,3,2/13/2019,12,Production,Active,N/A-StillEmployed,04/01/2013,,2013-04-01,,Apr-2013,
10042,"Nguyen, Dheepa",1,6,3,63695,0,3,Area Sales Manager,GA,03/31/89,F,US Citizen,Two or more races,Lynn Daneault,21,Indeed,Fully Meets,5.0,5,1/25/2019,2,Sales,Active,N/A-StillEmployed,07/08/2013,,2013-07-08,,Jul-2013,
10206,"Nguyen, Lei-Ming",1,5,3,62061,0,19,Production Technician I,MA,07/07/1984,F,US Citizen,White,David Stanley,14,LinkedIn,Fully Meets,3.6,5,01/02/2019,4,Production,Active,N/A-StillEmployed,07/08/2013,,2013-07-08,,Jul-2013,
10104,"Nowlan, Kristie",1,5,3,66738,0,20,Production Technician II,MA,11/23/85,F,US Citizen,White,Elijiah Gray,16,Indeed,Fully Meets,4.53,5,1/16/2019,5,Production,Active,N/A-StillEmployed,11/10/2014,,2014-11-10,,Nov-2014,
10303,"O'hare, Lynn",4,5,1,52674,1,19,Production Technician I,MA,09/30/80,F,US Citizen,Two or more races,Kissy Sullivan,20,LinkedIn,PIP,2.33,2,03/09/2018,3,Production,Terminated for Cause,performance,3/31/2014,05/01/2018,2014-03-31,2018-05-01,Mar-2014,May-2018
10078,"Oliver, Brooke",5,5,3,71966,1,20,Production Technician II,MA,02/11/1952,F,US Citizen,Asian,Webster Butler,39,LinkedIn,Fully Meets,5.0,3,07/02/2013,17,Production,Voluntarily Terminated,unhappy,5/14/2012,8/19/2013,2012-05-14,2013-08-19,May-2012,Aug-2013
10121,"Onque, Jasmine",1,6,3,63051,0,3,Area Sales Manager,FL,05/11/1990,F,US Citizen,White,Lynn Daneault,21,Indeed,Fully Meets,4.28,3,1/25/2019,1,Sales,Active,N/A-StillEmployed,9/30/2013,,2013-09-30,,Sep-2013,
10021,"Osturnka, Adeel",1,5,4,47414,0,19,Production Technician I,MA,12/11/1976,M,US Citizen,White,Kelley Spirea,18,LinkedIn,Exceeds,5.0,3,02/07/2019,13,Production,Active,N/A-StillEmployed,9/30/2013,,2013-09-30,,Sep-2013,
10281,"Owad, Clinton",1,5,2,53060,0,19,Production Technician I,MA,11/24/79,M,US Citizen,Black or African American,Michael Albert,22,LinkedIn,Needs Improvement,4.25,3,02/04/2019,6,Production,Active,N/A-StillEmployed,2/17/2014,,2014-02-17,,Feb-2014,
10041,"Ozark, Travis",1,6,3,68829,0,3,Area Sales Manager,NC,05/19/82,M,US Citizen,White,John Smith,17,Website,Fully Meets,5.0,5,1/14/2019,18,Sales,Active,N/A-StillEmployed,01/05/2015,,2015-01-05,,Jan-2015,
10148,"Panjwani, Nina",5,5,3,63515,1,19,Production Technician I,MA,05/01/1979,F,US Citizen,White,Elijiah Gray,16,Google Search,Fully Meets,3.89,4,03/04/2013,7,Production,Voluntarily Terminated,Another position,02/07/2011,01/12/2014,2011-02-07,2014-01-12,Feb-2011,Jan-2014
10005,"Patronick, Lucas",5,4,4,108987,1,24,Software Engineer,MA,02/20/79,M,US Citizen,Black or African American,Alex Sweetwater,10,Diversity Job Fair,Exceeds,5.0,5,8/16/2015,13,Software Engineering,Voluntarily Terminated,Another position,11/07/2011,09/07/2015,2011-11-07,2015-09-07,Nov-2011,Sep-2015
10259,"Pearson, Randall",5,3,3,93093,1,9,Data Analyst,MA,09/05/1984,M,US Citizen,White,Simon Roup,4,Employee Referral,Fully Meets,4.7,4,1/16/2016,19,IT/IS,Voluntarily Terminated,performance,12/01/2014,05/01/2016,2014-12-01,2016-05-01,Dec-2014,May-2016
10286,"Smith, Martin",5,5,2,53564,1,19,Production Technician I,MA,03/17/88,M,US Citizen,Black or African American,Webster Butler,39,Google Search,Needs Improvement,3.54,5,04/06/2017,15,Production,Voluntarily Terminated,career change,01/10/2011,12/28/2017,2011-01-10,2017-12-28,Jan-2011,Dec-2017
10297,"Pelletier, Ermine",5,5,2,60270,1,20,Production Technician II,MA,07/18/89,F,US Citizen,Asian,Amy Dunn,11,CareerBuilder,Needs Improvement,2.4,5,02/06/2015,2,Production,Voluntarily Terminated,unhappy,07/05/2011,9/15/2015,2011-07-05,2015-09-15,Jul-2011,Sep-2015
10171,"Perry, Shakira",5,5,3,45998,1,19,Production Technician I,MA,07/20/86,F,US Citizen,White,Amy Dunn,11,LinkedIn,Fully Meets,3.45,4,5/13/2014,5,Production,Voluntarily Terminated,medical issues,5/16/2011,10/25/2015,2011-05-16,2015-10-25,May-2011,Oct-2015
10032,"Peters, Lauren",5,5,4,57954,1,20,Production Technician II,MA,08/17/86,F,US Citizen,White,Ketsia Liebig,19,Indeed,Exceeds,4.2,5,01/10/2013,12,Production,Voluntarily Terminated,more money,5/16/2011,02/04/2013,2011-05-16,2013-02-04,May-2011,Feb-2013
10130,"Peterson, Ebonee",5,5,3,74669,1,18,Production Manager,MA,05/09/1977,F,US Citizen,White,Janet King,2,Indeed,Fully Meets,4.16,5,03/05/2015,6,Production,Voluntarily Terminated,Another position,10/25/2010,5/18/2016,2010-10-25,2016-05-18,Oct-2010,May-2016
10217,"Petingill, Shana",1,5,3,74226,0,20,Production Technician II,MA,03/10/1979,F,Eligible NonCitizen,Asian,Brannon Miller,12,LinkedIn,Fully Meets,4.3,3,1/14/2019,14,Production,Active,N/A-StillEmployed,04/02/2012,,2012-04-02,,Apr-2012,
10016,"Petrowsky, Thelma",1,3,4,93554,0,9,Data Analyst,MA,09/16/84,F,US Citizen,Black or African American,Simon Roup,4,Employee Referral,Exceeds,4.6,5,01/04/2019,16,IT/IS,Active,N/A-StillEmployed,11/10/2014,,2014-11-10,,Nov-2014,
10050,"Pham, Hong",5,5,3,64724,1,19,Production Technician I,MA,03/06/1988,M,US Citizen,Asian,Brannon Miller,12,Google Search,Fully Meets,5.0,3,2/20/2012,13,Production,Voluntarily Terminated,more money,07/05/2011,11/30/2012,2011-07-05,2012-11-30,Jul-2011,Nov-2012
10164,"Pitt, Brad",1,5,3,47001,0,19,Production Technician I,MA,11/23/81,M,US Citizen,White,David Stanley,14,Google Search,Fully Meets,3.66,3,2/25/2019,15,Production,Active,N/A-StillEmployed,11/05/2007,,2007-11-05,,Nov-2007,
10124,"Potts, Xana",1,6,3,61844,0,3,Area Sales Manager,KY,08/29/88,F,US Citizen,Black or African American,Lynn Daneault,21,Website,Fully Meets,4.2,5,02/01/2019,9,Sales,Active,N/A-StillEmployed,01/09/2012,,2012-01-09,,Jan-2012,
10187,"Power, Morissa",5,5,3,46799,1,19,Production Technician I,MA,10/15/84,F,Eligible NonCitizen,Asian,Kissy Sullivan,20,Google Search,Fully Meets,3.17,4,04/02/2018,14,Production,Voluntarily Terminated,Another position,5/16/2011,06/04/2018,2011-05-16,2018-06-04,May-2011,Jun-2018
10225,"Punjabhi, Louis",1,5,3,59472,0,19,Production Technician I,MA,06/19/61,M,US Citizen,White,Kelley Spirea,18,Employee Referral,Fully Meets,4.8,3,01/07/2019,14,Production,Active,N/A-StillEmployed,01/06/2014,,2014-01-06,,Jan-2014,
10262,"Purinton, Janine",5,5,3,46430,1,19,Production Technician I,MA,09/22/70,F,US Citizen,White,Kissy Sullivan,20,Indeed,Fully Meets,4.5,5,04/02/2013,16,Production,Voluntarily Terminated,unhappy,9/24/2012,6/18/2013,2012-09-24,2013-06-18,Sep-2012,Jun-2013
10131,"Quinn, Sean",5,1,3,83363,1,23,Software Engineer,MA,11/06/1984,M,Eligible NonCitizen,Black or African American,Janet King,2,Diversity Job Fair,Fully Meets,4.15,4,4/19/2014,4,Software Engineering,Voluntarily Terminated,career change,2/21/2011,8/15/2015,2011-02-21,2015-08-15,Feb-2011,Aug-2015
10239,"Rachael, Maggie",1,3,3,95920,0,4,BI Developer,MA,05/12/1980,F,US Citizen,Black or African American,Brian Champaigne,13,Indeed,Fully Meets,4.4,4,02/06/2019,10,IT/IS,Active,N/A-StillEmployed,10/02/2016,,2016-10-02,,Oct-2016,
10152,"Rarrick, Quinn",5,5,3,61729,1,19,Production Technician I,MA,12/31/84,M,US Citizen,White,Michael Albert,22,Indeed,Fully Meets,3.8,5,02/04/2018,19,Production,Voluntarily Terminated,more money,9/26/2011,04/07/2018,2011-09-26,2018-04-07,Sep-2011,Apr-2018
10140,"Ren, Kylo",1,6,3,61809,0,3,Area Sales Manager,ID,10/12/1954,M,US Citizen,White,John Smith,17,CareerBuilder,Fully Meets,3.98,3,1/28/2019,4,Sales,Active,N/A-StillEmployed,05/12/2014,,2014-05-12,,May-2014,
10058,"Rhoads, Thomas",5,5,3,45115,1,19,Production Technician I,MA,07/22/82,M,US Citizen,White,Elijiah Gray,16,LinkedIn,Fully Meets,5.0,4,3/30/2015,11,Production,Voluntarily Terminated,retiring,5/16/2011,1/15/2016,2011-05-16,2016-01-15,May-2011,Jan-2016
10011,"Rivera, Haley",1,5,4,46738,0,19,Production Technician I,MA,01/12/1973,F,US Citizen,Asian,Webster Butler,,Google Search,Exceeds,4.36,5,02/11/2019,16,Production,Active,N/A-StillEmployed,11/28/2011,,2011-11-28,,Nov-2011,
10230,"Roberson, May",5,5,3,64971,1,20,Production Technician II,MA,09/05/1981,F,Eligible NonCitizen,Black or African American,David Stanley,14,Google Search,Fully Meets,4.5,4,10/22/2011,10,Production,Voluntarily Terminated,return to school,9/26/2011,10/22/2011,2011-09-26,2011-10-22,Sep-2011,Oct-2011
10224,"Robertson, Peter",5,5,3,55578,1,20,Production Technician II,MA,07/03/1972,M,US Citizen,White,Kissy Sullivan,20,Indeed,Fully Meets,4.2,5,01/06/2012,13,Production,Voluntarily Terminated,Another position,07/05/2011,02/08/2012,2011-07-05,2012-02-08,Jul-2011,Feb-2012
10047,"Robinson, Alain",5,5,3,50428,1,19,Production Technician I,MA,01/07/1974,M,US Citizen,Black or African American,Amy Dunn,11,Indeed,Fully Meets,5.0,3,01/10/2015,11,Production,Voluntarily Terminated,attendance,01/10/2011,1/26/2016,2011-01-10,2016-01-26,Jan-2011,Jan-2016
10285,"Robinson, Cherly",4,5,2,61422,1,19,Production Technician I,MA,01/07/1985,F,US Citizen,White,Ketsia Liebig,19,Indeed,Needs Improvement,3.6,3,04/05/2016,16,Production,Terminated for Cause,attendance,01/10/2011,5/17/2016,2011-01-10,2016-05-17,Jan-2011,May-2016
10020,"Robinson, Elias",1,5,4,63353,0,19,Production Technician I,MA,01/28/85,M,US Citizen,White,Brannon Miller,12,Employee Referral,Exceeds,3.6,5,02/11/2019,4,Production,Active,N/A-StillEmployed,07/08/2013,,2013-07-08,,Jul-2013,
10162,"Roby, Lori",1,3,3,89883,0,9,Data Analyst,MA,10/11/1981,F,US Citizen,White,Simon Roup,4,Employee Referral,Fully Meets,3.69,5,2/14/2019,15,IT/IS,Active,N/A-StillEmployed,2/16/2015,,2015-02-16,,Feb-2015,
10149,"Roehrich, Bianca",5,3,3,120000,1,29,Principal Data Architect,MA,05/27/73,F,US Citizen,White,Simon Roup,4,LinkedIn,Fully Meets,3.88,3,2/13/2018,12,IT/IS,Voluntarily Terminated,Another position,01/05/2015,11/10/2018,2015-01-05,2018-11-10,Jan-2015,Nov-2018
10086,"Roper, Katie",1,3,3,150290,0,7,Data Architect,MA,11/21/72,F,US Citizen,Black or African American,Brian Champaigne,13,Indeed,Fully Meets,4.94,3,02/06/2019,17,IT/IS,Active,N/A-StillEmployed,01/07/2017,,2017-01-07,,Jan-2017,
10054,"Rose, Ashley",1,5,3,60627,0,19,Production Technician I,MA,12/05/1974,F,US Citizen,White,David Stanley,14,Website,Fully Meets,5.0,4,1/31/2019,8,Production,Active,N/A-StillEmployed,01/06/2014,,2014-01-06,,Jan-2014,
10065,"Rossetti, Bruno",5,5,3,53180,1,19,Production Technician I,MA,03/18/87,M,US Citizen,White,Kissy Sullivan,20,Google Search,Fully Meets,5.0,5,07/02/2018,4,Production,Voluntarily Terminated,Another position,04/04/2011,8/13/2018,2011-04-04,2018-08-13,Apr-2011,Aug-2018
10198,"Roup,Simon",1,3,3,140920,0,13,IT Manager - DB,MA,04/05/1973,M,US Citizen,White,Jennifer Zamora,5,Indeed,Fully Meets,3.6,5,2/18/2019,13,IT/IS,Active,N/A-StillEmployed,1/20/2013,,2013-01-20,,Jan-2013,
10222,"Ruiz, Ricardo",5,3,3,148999,1,13,IT Manager - DB,MA,01/04/1964,M,US Citizen,Black or African American,Jennifer Zamora,5,Diversity Job Fair,Fully Meets,4.3,4,01/04/2015,8,IT/IS,Voluntarily Terminated,hours,01/09/2012,11/04/2015,2012-01-09,2015-11-04,Jan-2012,Nov-2015
10126,"Saada, Adell",1,4,3,86214,0,24,Software Engineer,MA,07/24/86,F,US Citizen,White,Alex Sweetwater,10,Indeed,Fully Meets,4.2,3,2/13/2019,2,Software Engineering,Active,N/A-StillEmployed,11/05/2012,,2012-11-05,,Nov-2012,
10295,"Saar-Beckles, Melinda",2,5,2,47750,0,19,Production Technician I,MA,06/06/1968,F,US Citizen,Black or African American,Kelley Spirea,18,Diversity Job Fair,Needs Improvement,2.6,4,2/18/2019,4,Production,Active,N/A-StillEmployed,07/04/2016,,2016-07-04,,Jul-2016,
10260,"Sadki, Nore",5,5,3,46428,1,19,Production Technician I,MA,12/21/74,M,US Citizen,White,Michael Albert,22,Google Search,Fully Meets,4.6,5,02/05/2018,7,Production,Voluntarily Terminated,relocation out of area,01/05/2009,7/30/2018,2009-01-05,2018-07-30,Jan-2009,Jul-2018
10233,"Sahoo, Adil",1,5,3,57975,0,20,Production Technician II,MA,04/26/86,M,US Citizen,White,Kelley Spirea,18,CareerBuilder,Fully Meets,4.1,3,01/10/2019,13,Production,Active,N/A-StillEmployed,8/30/2010,,2010-08-30,,Aug-2010,
10229,"Salter, Jason",5,3,3,88527,1,9,Data Analyst,MA,12/17/87,M,US Citizen,Black or African American,Simon Roup,4,LinkedIn,Fully Meets,4.2,3,4/20/2015,2,IT/IS,Voluntarily Terminated,hours,01/05/2015,10/31/2015,2015-01-05,2015-10-31,Jan-2015,Oct-2015
10169,"Sander, Kamrin",1,5,3,56147,0,19,Production Technician I,MA,07/10/1988,F,US Citizen,Black or African American,Elijiah Gray,16,LinkedIn,Fully Meets,3.51,3,2/18/2019,2,Production,Active,N/A-StillEmployed,9/29/2014,,2014-09-29,,Sep-2014,
10071,"Sewkumar, Nori",3,5,3,50923,0,19,Production Technician I,MA,03/10/1975,F,US Citizen,Asian,Webster Butler,,Google Search,Fully Meets,5.0,5,02/06/2019,14,Production,Active,N/A-StillEmployed,9/30/2013,,2013-09-30,,Sep-2013,
10179,"Shepard, Anita",1,3,3,50750,0,15,Network Engineer,MA,04/14/81,F,US Citizen,White,Peter Monroe,7,LinkedIn,Fully Meets,3.31,3,01/07/2019,7,IT/IS,Active,N/A-StillEmployed,9/30/2014,,2014-09-30,,Sep-2014,
10091,"Shields, Seffi",1,5,3,52087,0,19,Production Technician I,MA,08/24/85,F,US Citizen,White,Amy Dunn,11,LinkedIn,Fully Meets,4.81,4,2/15/2019,15,Production,Active,N/A-StillEmployed,8/19/2013,,2013-08-19,,Aug-2013,
10178,"Simard, Kramer",1,3,3,87826,0,9,Data Analyst,MA,02/08/1970,M,US Citizen,White,Simon Roup,4,Employee Referral,Fully Meets,3.32,3,1/14/2019,16,IT/IS,Active,N/A-StillEmployed,01/05/2015,,2015-01-05,,Jan-2015,
10039,"Singh, Nan",1,1,3,51920,0,2,Administrative Assistant,MA,05/19/88,F,US Citizen,White,Brandon R. LeBlanc,1,Website,Fully Meets,5.0,3,1/15/2019,2,Admin Offices,Active,N/A-StillEmployed,05/01/2015,,2015-05-01,,May-2015,
10095,"Sloan, Constance",5,5,3,63878,1,20,Production Technician II,MA,11/25/87,F,US Citizen,White,Michael Albert,22,CareerBuilder,Fully Meets,4.68,4,04/02/2015,20,Production,Voluntarily Terminated,maternity leave - did not return,10/26/2009,04/08/2015,2009-10-26,2015-04-08,Oct-2009,Apr-2015
10027,"Smith, Joe",1,5,4,60656,0,20,Production Technician II,MA,10/30/63,M,US Citizen,White,Elijiah Gray,16,Indeed,Exceeds,4.3,3,1/28/2019,4,Production,Active,N/A-StillEmployed,9/29/2014,,2014-09-29,,Sep-2014,
10291,"Smith, John",1,6,2,72992,0,21,Sales Manager,MA,08/16/84,M,US Citizen,Black or African American,Debra Houlihan,15,Diversity Job Fair,Needs Improvement,2.4,4,1/16/2019,16,Sales,Active,N/A-StillEmployed,5/18/2014,,2014-05-18,,May-2014,
10153,"Smith, Leigh Ann",5,1,3,55000,1,2,Administrative Assistant,MA,06/14/87,F,US Citizen,Black or African American,Brandon R. LeBlanc,1,Diversity Job Fair,Fully Meets,3.8,4,8/15/2013,17,Admin Offices,Voluntarily Terminated,career change,9/26/2011,9/25/2013,2011-09-26,2013-09-25,Sep-2011,Sep-2013
10157,"Smith, Sade",1,5,3,58939,0,19,Production Technician I,MA,02/02/1965,F,US Citizen,White,Ketsia Liebig,19,Employee Referral,Fully Meets,3.73,3,1/24/2019,16,Production,Active,N/A-StillEmployed,11/11/2013,,2013-11-11,,Nov-2013,
10119,"Soto, Julia",1,3,3,66593,0,14,IT Support,MA,03/12/1973,F,US Citizen,Black or African American,Eric Dougall,6,LinkedIn,Fully Meets,4.3,3,02/08/2019,19,IT/IS,Active,N/A-StillEmployed,06/10/2011,,2011-06-10,,Jun-2011,
10180,"Soze, Keyser",2,3,3,87565,0,28,Sr. Network Engineer,MA,02/09/1983,M,US Citizen,Asian,Peter Monroe,7,LinkedIn,Fully Meets,3.27,4,1/14/2019,13,IT/IS,Active,N/A-StillEmployed,6/30/2016,,2016-06-30,,Jun-2016,
10302,"Sparks, Taylor",1,5,1,64021,0,19,Production Technician I,MA,07/20/68,F,US Citizen,White,Brannon Miller,12,Indeed,PIP,2.4,2,2/25/2019,20,Production,Active,N/A-StillEmployed,2/20/2012,,2012-02-20,,Feb-2012,
10090,"Spirea, Kelley",1,5,3,65714,0,18,Production Manager,MA,09/30/75,F,US Citizen,White,Janet King,2,LinkedIn,Fully Meets,4.83,5,2/14/2019,15,Production,Active,N/A-StillEmployed,10/02/2012,,2012-10-02,,Oct-2012,
10030,"Squatrito, Kristen",5,5,4,62425,1,19,Production Technician I,MA,03/26/73,F,US Citizen,White,David Stanley,14,LinkedIn,Exceeds,4.1,4,03/02/2015,16,Production,Voluntarily Terminated,unhappy,5/13/2013,6/29/2015,2013-05-13,2015-06-29,May-2013,Jun-2015
10278,"Stanford,Barbara  M",1,5,3,47961,0,19,Production Technician I,MA,08/25/82,F,US Citizen,Two or more races,Kissy Sullivan,20,Google Search,Fully Meets,4.1,4,02/07/2019,9,Production,Active,N/A-StillEmployed,01/10/2011,,2011-01-10,,Jan-2011,
10307,"Stansfield, Norman",1,6,1,58273,0,3,Area Sales Manager,NV,05/09/1974,M,US Citizen,White,Lynn Daneault,21,Website,PIP,1.81,2,1/17/2019,5,Sales,Active,N/A-StillEmployed,05/12/2014,,2014-05-12,,May-2014,
10147,"Steans, Tyrone",1,1,3,63003,0,1,Accountant I,MA,09/01/1986,M,US Citizen,White,Brandon R. LeBlanc,1,Indeed,Fully Meets,3.9,5,1/18/2019,9,Admin Offices,Active,N/A-StillEmployed,9/29/2014,,2014-09-29,,Sep-2014,
10266,"Stoica, Rick",1,5,3,61355,0,19,Production Technician I,MA,03/14/85,M,US Citizen,Asian,Kelley Spirea,18,LinkedIn,Fully Meets,4.7,3,01/11/2019,4,Production,Active,N/A-StillEmployed,2/17/2014,,2014-02-17,,Feb-2014,
10241,"Strong, Caitrin",1,6,3,60120,0,3,Area Sales Manager,MT,05/12/1989,F,US Citizen,Black or African American,John Smith,17,Indeed,Fully Meets,4.1,4,1/31/2019,18,Sales,Active,N/A-StillEmployed,9/27/2010,,2010-09-27,,Sep-2010,
10158,"Sullivan, Kissy",1,5,3,63682,0,18,Production Manager,MA,03/28/78,F,US Citizen,Black or African American,Janet King,2,Indeed,Fully Meets,3.73,4,1/24/2019,12,Production,Active,N/A-StillEmployed,01/08/2009,,2009-01-08,,Jan-2009,
10117,"Sullivan, Timothy",1,5,3,63025,0,19,Production Technician I,MA,10/07/1982,M,US Citizen,White,Michael Albert,22,Google Search,Fully Meets,4.36,5,1/24/2019,10,Production,Active,N/A-StillEmployed,01/05/2015,,2015-01-05,,Jan-2015,
10209,"Sutwell, Barbara",1,5,3,59238,0,19,Production Technician I,MA,08/15/68,F,Eligible NonCitizen,Asian,Elijiah Gray,16,Indeed,Fully Meets,3.4,5,1/31/2019,13,Production,Active,N/A-StillEmployed,5/14/2012,,2012-05-14,,May-2012,
10024,"Szabo, Andrew",1,4,4,92989,0,24,Software Engineer,MA,05/06/1983,M,US Citizen,White,Alex Sweetwater,10,LinkedIn,Exceeds,4.5,5,2/18/2019,1,Software Engineering,Active,N/A-StillEmployed,07/07/2014,,2014-07-07,,Jul-2014,
10173,"Tannen, Biff",1,3,3,90100,0,4,BI Developer,MA,10/24/87,M,US Citizen,White,Brian Champaigne,13,Indeed,Fully Meets,3.4,3,01/02/2019,14,IT/IS,Active,N/A-StillEmployed,4/20/2017,,2017-04-20,,Apr-2017,
10221,"Tavares, Desiree",5,5,3,60754,1,19,Production Technician I,MA,04/03/1975,F,Non-Citizen,Black or African American,Webster Butler,39,Diversity Job Fair,Fully Meets,4.5,5,2/15/2012,11,Production,Voluntarily Terminated,Another position,4/27/2009,04/01/2013,2009-04-27,2013-04-01,Apr-2009,Apr-2013
10146,"Tejeda, Lenora",5,5,3,72202,1,20,Production Technician II,MA,05/24/53,F,US Citizen,White,Elijiah Gray,16,Google Search,Fully Meets,3.93,3,4/18/2017,3,Production,Voluntarily Terminated,Another position,5/16/2011,07/08/2017,2011-05-16,2017-07-08,May-2011,Jul-2017
10161,"Terry, Sharlene",1,6,3,58370,0,3,Area Sales Manager,OR,05/07/1965,F,US Citizen,Black or African American,Lynn Daneault,21,Indeed,Fully Meets,3.69,3,1/28/2019,18,Sales,Active,N/A-StillEmployed,9/29/2014,,2014-09-29,,Sep-2014,
10141,"Theamstern, Sophia",5,5,3,48413,1,19,Production Technician I,MA,05/09/1965,F,US Citizen,White,Amy Dunn,11,Indeed,Fully Meets,3.98,4,03/02/2016,1,Production,Voluntarily Terminated,return to school,07/05/2011,09/05/2016,2011-07-05,2016-09-05,Jul-2011,Sep-2016
10268,"Thibaud, Kenneth",5,5,3,67176,1,20,Production Technician II,MA,09/16/75,M,US Citizen,White,Webster Butler,39,Other,Fully Meets,4.1,4,7/14/2010,15,Production,Voluntarily Terminated,military,6/25/2007,8/30/2010,2007-06-25,2010-08-30,Jun-2007,Aug-2010
10123,"Tippett, Jeanette",1,5,3,56339,0,19,Production Technician I,MA,06/05/1967,F,US Citizen,Black or African American,Brannon Miller,12,Indeed,Fully Meets,4.21,5,1/14/2019,4,Production,Active,N/A-StillEmployed,2/18/2013,,2013-02-18,,Feb-2013,
10013,"Torrence, Jack",1,6,4,64397,0,3,Area Sales Manager,ND,01/15/68,M,US Citizen,White,Lynn Daneault,21,Indeed,Exceeds,4.1,3,01/04/2019,6,Sales,Active,N/A-StillEmployed,01/09/2006,,2006-01-09,,Jan-2006,
10287,"Trang, Mei",1,5,2,63025,0,19,Production Technician I,MA,05/16/83,F,US Citizen,White,David Stanley,14,LinkedIn,Needs Improvement,2.44,5,02/11/2019,18,Production,Active,N/A-StillEmployed,2/17/2014,,2014-02-17,,Feb-2014,
10044,"Tredinnick, Neville",5,3,3,75281,1,15,Network Engineer,MA,05/05/1988,M,US Citizen,White,Peter Monroe,7,CareerBuilder,Fully Meets,5.0,3,4/15/2015,11,IT/IS,Voluntarily Terminated,medical issues,01/05/2015,02/12/2016,2015-01-05,2016-02-12,Jan-2015,Feb-2016
10102,"True, Edward",5,4,3,100416,1,24,Software Engineer,MA,06/14/83,M,Non-Citizen,Black or African American,Alex Sweetwater,10,Diversity Job Fair,Fully Meets,4.6,3,02/12/2017,9,Software Engineering,Voluntarily Terminated,medical issues,2/18/2013,4/15/2018,2013-02-18,2018-04-15,Feb-2013,Apr-2018
10270,"Trzeciak, Cybil",5,5,3,74813,1,20,Production Technician II,MA,03/15/85,F,US Citizen,White,Amy Dunn,11,LinkedIn,Fully Meets,4.4,3,01/05/2014,5,Production,Voluntarily Terminated,unhappy,01/10/2011,07/02/2014,2011-01-10,2014-07-02,Jan-2011,Jul-2014
10045,"Turpin, Jumil",1,3,3,76029,0,15,Network Engineer,MA,03/31/69,M,Eligible NonCitizen,White,Peter Monroe,7,Employee Referral,Fully Meets,5.0,4,1/14/2019,8,IT/IS,Active,N/A-StillEmployed,3/30/2015,,2015-03-30,,Mar-2015,
10205,"Valentin,Jackie",1,6,3,57859,0,3,Area Sales Manager,AZ,05/23/91,F,US Citizen,Two or more races,John Smith,17,Indeed,Fully Meets,2.81,3,1/17/2019,16,Sales,Active,N/A-StillEmployed,07/05/2011,,2011-07-05,,Jul-2011,
10014,"Veera, Abdellah",5,5,4,58523,1,19,Production Technician I,MA,01/31/87,M,US Citizen,White,Kissy Sullivan,20,LinkedIn,Exceeds,4.5,5,02/01/2016,15,Production,Voluntarily Terminated,maternity leave - did not return,8/13/2012,02/05/2016,2012-08-13,2016-02-05,Aug-2012,Feb-2016
10144,"Vega, Vincent",1,5,3,88976,0,17,Production Manager,MA,10/10/1968,M,US Citizen,White,Janet King,2,Employee Referral,Fully Meets,3.93,3,2/27/2019,19,Production,Active,N/A-StillEmployed,08/01/2011,,2011-08-01,,Aug-2011,
10253,"Villanueva, Noah",1,6,3,55875,0,3,Area Sales Manager,ME,07/11/1989,M,US Citizen,Asian,John Smith,17,Website,Fully Meets,4.5,4,1/18/2019,11,Sales,Active,N/A-StillEmployed,03/05/2012,,2012-03-05,,Mar-2012,
10118,"Voldemort, Lord",4,3,3,113999,1,8,Database Administrator,MA,08/07/1986,M,US Citizen,Black or African American,Simon Roup,4,Employee Referral,Fully Meets,4.33,3,2/15/2017,9,IT/IS,Terminated for Cause,"no-call, no-show",2/16/2015,2/22/2017,2015-02-16,2017-02-22,Feb-2015,Feb-2017
10022,"Volk, Colleen",4,5,4,49773,1,19,Production Technician I,MA,06/03/1986,F,US Citizen,White,Kelley Spirea,18,Google Search,Exceeds,4.3,5,02/01/2015,18,Production,Terminated for Cause,gross misconduct,9/26/2011,02/08/2016,2011-09-26,2016-02-08,Sep-2011,Feb-2016
10183,"Von Massenbach, Anna",2,5,3,62068,0,19,Production Technician I,MA,04/06/1985,F,US Citizen,White,Michael Albert,22,LinkedIn,Fully Meets,3.21,3,1/29/2019,7,Production,Active,N/A-StillEmployed,07/05/2015,,2015-07-05,,Jul-2015,
10190,"Walker, Roger",1,5,3,66541,0,20,Production Technician II,MA,02/10/1976,M,US Citizen,Black or African American,Ketsia Liebig,19,Employee Referral,Fully Meets,3.11,5,02/12/2019,4,Production,Active,N/A-StillEmployed,8/18/2014,,2014-08-18,,Aug-2014,
10274,"Wallace, Courtney  E",5,5,3,80512,1,18,Production Manager,MA,11/14/55,F,US Citizen,Black or African American,Janet King,2,Diversity Job Fair,Fully Meets,4.5,3,01/02/2012,5,Production,Voluntarily Terminated,Another position,9/26/2011,01/02/2012,2011-09-26,2012-01-02,Sep-2011,Jan-2012
10293,"Wallace, Theresa",5,5,2,50274,1,19,Production Technician I,MA,08/02/1980,F,US Citizen,White,Elijiah Gray,16,CareerBuilder,Needs Improvement,2.5,3,09/05/2014,13,Production,Voluntarily Terminated,career change,8/13/2012,09/01/2015,2012-08-13,2015-09-01,Aug-2012,Sep-2015
10172,"Wang, Charlie",1,3,3,84903,0,22,Senior BI Developer,MA,07/08/1981,M,US Citizen,Asian,Brian Champaigne,13,Indeed,Fully Meets,3.42,4,01/04/2019,17,IT/IS,Active,N/A-StillEmployed,2/15/2017,,2017-02-15,,Feb-2017,
10127,"Warfield, Sarah",1,3,3,107226,0,28,Sr. Network Engineer,MA,05/02/1978,F,US Citizen,Asian,Peter Monroe,7,Employee Referral,Fully Meets,4.2,4,02/05/2019,7,IT/IS,Active,N/A-StillEmployed,3/30/2015,,2015-03-30,,Mar-2015,
10072,"Whittier, Scott",5,5,3,58371,1,19,Production Technician I,MA,05/24/87,M,US Citizen,White,Webster Butler,39,LinkedIn,Fully Meets,5.0,5,5/15/2014,11,Production,Voluntarily Terminated,hours,01/10/2011,5/15/2014,2011-01-10,2014-05-15,Jan-2011,May-2014
10048,"Wilber, Barry",5,5,3,55140,1,19,Production Technician I,MA,09/09/1965,M,Eligible NonCitizen,White,Amy Dunn,11,Website,Fully Meets,5.0,3,2/15/2015,7,Production,Voluntarily Terminated,unhappy,5/16/2011,09/07/2015,2011-05-16,2015-09-07,May-2011,Sep-2015
10204,"Wilkes, Annie",5,5,3,58062,1,19,Production Technician I,MA,07/30/83,F,US Citizen,White,Ketsia Liebig,19,Google Search,Fully Meets,3.6,5,02/06/2011,9,Production,Voluntarily Terminated,Another position,01/10/2011,5/14/2012,2011-01-10,2012-05-14,Jan-2011,May-2012
10264,"Williams, Jacquelyn",5,5,3,59728,1,19,Production Technician I,MA,10/02/1969,F,US Citizen,Black or African American,Ketsia Liebig,19,Diversity Job Fair,Fully Meets,4.3,4,06/02/2014,16,Production,Voluntarily Terminated,relocation out of area,01/09/2012,6/27/2015,2012-01-09,2015-06-27,Jan-2012,Jun-2015
10033,"Winthrop, Jordan",5,5,4,70507,1,20,Production Technician II,MA,11/07/1958,M,US Citizen,White,Brannon Miller,12,LinkedIn,Exceeds,5.0,3,1/19/2016,7,Production,Voluntarily Terminated,retiring,01/07/2013,2/21/2016,2013-01-07,2016-02-21,Jan-2013,Feb-2016
10174,"Wolk, Hang  T",1,5,3,60446,0,20,Production Technician II,MA,04/20/85,F,US Citizen,White,David Stanley,14,LinkedIn,Fully Meets,3.4,4,2/21/2019,14,Production,Active,N/A-StillEmployed,9/29/2014,,2014-09-29,,Sep-2014,
10135,"Woodson, Jason",1,5,3,65893,0,20,Production Technician II,MA,05/11/1985,M,US Citizen,White,Kissy Sullivan,20,LinkedIn,Fully Meets,4.07,4,2/28/2019,13,Production,Active,N/A-StillEmployed,07/07/2014,,2014-07-07,,Jul-2014,
10301,"Ybarra, Catherine",5,5,1,48513,1,19,Production Technician I,MA,05/04/1982,F,US Citizen,Asian,Brannon Miller,12,Google Search,PIP,3.2,2,09/02/2015,4,Production,Voluntarily Terminated,Another position,09/02/2008,9/29/2015,2008-09-02,2015-09-29,Sep-2008,Sep-2015
10010,"Zamora, Jennifer",1,3,4,220450,0,6,CIO,MA,08/30/79,F,US Citizen,White,Janet King,2,Employee Referral,Exceeds,4.6,5,2/21/2019,16,IT/IS,Active,N/A-StillEmployed,04/10/2010,,2010-04-10,,Apr-2010,
10043,"Zhou, Julia",1,3,3,89292,0,9,Data Analyst,MA,02/24/79,F,US Citizen,White,Simon Roup,4,Employee Referral,Fully Meets,5.0,3,02/01/2019,11,IT/IS,Active,N/A-StillEmployed,3/30/2015,,2015-03-30,,Mar-2015,
10271,"Zima, Colleen",1,5,3,45046,0,19,Production Technician I,MA,08/17/78,F,US Citizen,Asian,David Stanley,14,LinkedIn,Fully Meets,4.5,5,1/30/2019,2,Production,Active,N/A-StillEmployed,9/29/2014,,2014-09-29,,Sep-2014,
